point,cell,grid,lat,lon
912322,1471,quarter,68.375,20.625
903692,1471,quarter,66.875,23.125
902249,1471,quarter,66.625,22.375
902231,1435,quarter,66.625,17.875
900813,1471,quarter,66.375,23.375
851823,1433,quarter,57.875,15.875
846059,1397,quarter,56.875,14.875
841731,1397,quarter,56.125,12.875
895043,1471,quarter,65.375,20.875
876294,1398,quarter,62.125,13.625
879189,1434,quarter,62.625,17.375
874863,1434,quarter,61.875,15.875
874865,1434,quarter,61.875,16.375
912324,1471,quarter,68.375,21.125
910892,1471,quarter,68.125,23.125
909444,1471,quarter,67.875,21.125
909452,1471,quarter,67.875,23.125
906570,1471,quarter,67.375,22.625
903693,1471,quarter,66.875,23.375
900799,1435,quarter,66.375,19.875
899353,1435,quarter,66.125,18.375
866215,1398,quarter,60.375,13.875
863335,1397,quarter,59.875,13.875
856137,1397,quarter,58.625,14.375
854686,1397,quarter,58.375,11.625
853265,1433,quarter,58.125,16.375
851814,1397,quarter,57.875,13.625
850377,1397,quarter,57.625,14.375
843171,1397,quarter,56.375,12.875
841735,1397,quarter,56.125,13.875
840296,1397,quarter,55.875,14.125
893599,1435,quarter,65.125,19.875
870545,1434,quarter,61.125,16.375
883492,1398,quarter,63.375,13.125
873411,1398,quarter,61.625,12.875
867666,1434,quarter,60.625,16.625
905109,1435,quarter,67.125,17.375
905119,1435,quarter,67.125,19.875
902251,1471,quarter,66.625,22.875
900788,1435,quarter,66.375,17.125
899340,1435,quarter,66.125,15.125
857587,1433,quarter,58.875,16.875
856128,1397,quarter,58.625,12.125
850393,1433,quarter,57.625,18.375
847493,1397,quarter,57.125,13.375
897914,1435,quarter,65.875,18.625
896467,1435,quarter,65.625,16.875
896471,1435,quarter,65.625,17.875
895030,1435,quarter,65.375,17.625
895040,1471,quarter,65.375,20.125
895041,1471,quarter,65.375,20.375
889260,1434,quarter,64.375,15.125
887833,1434,quarter,64.125,18.375
887818,1398,quarter,64.125,14.625
886384,1434,quarter,63.875,16.125
886392,1434,quarter,63.875,18.125
884932,1398,quarter,63.625,13.125
884956,1434,quarter,63.625,19.125
880608,1398,quarter,62.875,12.125
909438,1435,quarter,67.875,19.625
905108,1435,quarter,67.125,17.125
899362,1471,quarter,66.125,20.625
866221,1434,quarter,60.375,15.375
861894,1397,quarter,59.625,13.625
860460,1433,quarter,59.375,15.125
859015,1397,quarter,59.125,13.875
859018,1397,quarter,59.125,14.625
856138,1397,quarter,58.625,14.625
856141,1433,quarter,58.625,15.375
850385,1433,quarter,57.625,16.375
847498,1397,quarter,57.125,14.625
844615,1397,quarter,56.625,13.875
892137,1398,quarter,64.875,14.375
892145,1434,quarter,64.875,16.375
890712,1434,quarter,64.625,18.125
889259,1398,quarter,64.375,14.875
889282,1470,quarter,64.375,20.625
870542,1434,quarter,61.125,15.625
876289,1398,quarter,62.125,12.375
876291,1398,quarter,62.125,12.875
886377,1398,quarter,63.875,14.375
913761,1471,quarter,68.625,20.375
906552,1435,quarter,67.375,18.125
903677,1435,quarter,66.875,19.375
859027,1433,quarter,59.125,16.875
859007,1397,quarter,59.125,11.875
857588,1433,quarter,58.875,17.125
857589,1433,quarter,58.875,17.375
847489,1397,quarter,57.125,12.375
846057,1397,quarter,56.875,14.375
846064,1433,quarter,56.875,16.125
896461,1435,quarter,65.625,15.375
869091,1398,quarter,60.875,12.875
883516,1434,quarter,63.375,19.125
882064,1434,quarter,63.125,16.125
880628,1434,quarter,62.875,17.125
879181,1434,quarter,62.625,15.375
912318,1435,quarter,68.375,19.625
912320,1471,quarter,68.375,20.125
909449,1471,quarter,67.875,22.375
902243,1471,quarter,66.625,20.875
902252,1471,quarter,66.625,23.125
900806,1471,quarter,66.375,21.625
899369,1471,quarter,66.125,22.375
899374,1471,quarter,66.125,23.625
864773,1398,quarter,60.125,13.375
863332,1397,quarter,59.875,13.125
863344,1433,quarter,59.875,16.125
856125,1397,quarter,58.625,11.375
856131,1397,quarter,58.625,12.875
887838,1434,quarter,64.125,19.625
886386,1434,quarter,63.875,16.625
883490,1398,quarter,63.375,12.625
882060,1434,quarter,63.125,15.125
873410,1398,quarter,61.625,12.625
873420,1434,quarter,61.625,15.125
867662,1434,quarter,60.625,15.625
864789,1434,quarter,60.125,17.375
863350,1433,quarter,59.875,17.625
857569,1397,quarter,58.875,12.375
851821,1433,quarter,57.875,15.375
846051,1397,quarter,56.875,12.875
843177,1397,quarter,56.375,14.375
893578,1399,quarter,65.125,14.625
893583,1435,quarter,65.125,15.875
892163,1470,quarter,64.875,20.875
889270,1434,quarter,64.375,17.625
886382,1434,quarter,63.875,15.625
867658,1398,quarter,60.625,14.625
912327,1471,quarter,68.375,21.875
900791,1435,quarter,66.375,17.875
866224,1434,quarter,60.375,16.125
864772,1398,quarter,60.125,13.125
864783,1434,quarter,60.125,15.875
863339,1397,quarter,59.875,14.875
861889,1397,quarter,59.625,12.375
860463,1433,quarter,59.375,15.875
856144,1433,quarter,58.625,16.125
851812,1397,quarter,57.875,13.125
850386,1433,quarter,57.625,16.625
841730,1397,quarter,56.125,12.625
893587,1435,quarter,65.125,16.875
889276,1434,quarter,64.375,19.125
869096,1398,quarter,60.875,14.125
870544,1434,quarter,61.125,16.125
887843,1470,quarter,64.125,20.875
884944,1434,quarter,63.625,16.125
879168,1398,quarter,62.625,12.125
874861,1434,quarter,61.875,15.375
871978,1398,quarter,61.375,14.625
909451,1471,quarter,67.875,22.875
906572,1471,quarter,67.375,23.125
900796,1435,quarter,66.375,19.125
866226,1434,quarter,60.375,16.625
864781,1434,quarter,60.125,15.375
863355,1433,quarter,59.875,18.875
861907,1433,quarter,59.625,16.875
856139,1397,quarter,58.625,14.875
851816,1397,quarter,57.875,14.125
847502,1433,quarter,57.125,15.625
897915,1435,quarter,65.875,18.875
897933,1471,quarter,65.875,23.375
897936,1471,quarter,65.875,24.125
869089,1398,quarter,60.875,12.375
876305,1434,quarter,62.125,16.375
887841,1470,quarter,64.125,20.375
867668,1434,quarter,60.625,17.125
908008,1471,quarter,67.625,22.125
902239,1435,quarter,66.625,19.875
899341,1435,quarter,66.125,15.375
899344,1435,quarter,66.125,16.125
863329,1397,quarter,59.875,12.375
863340,1433,quarter,59.875,15.125
863348,1433,quarter,59.875,17.125
861901,1433,quarter,59.625,15.375
850369,1397,quarter,57.625,12.375
850371,1397,quarter,57.625,12.875
846050,1397,quarter,56.875,12.625
844619,1397,quarter,56.625,14.875
897934,1471,quarter,65.875,23.625
896477,1435,quarter,65.625,19.375
892141,1434,quarter,64.875,15.375
892156,1434,quarter,64.875,19.125
889266,1434,quarter,64.375,16.625
887840,1470,quarter,64.125,20.125
887820,1434,quarter,64.125,15.125
887826,1434,quarter,64.125,16.625
886380,1434,quarter,63.875,15.125
884949,1434,quarter,63.625,17.375
884952,1434,quarter,63.625,18.125
882070,1434,quarter,63.125,17.625
880624,1434,quarter,62.875,16.125
873425,1434,quarter,61.625,16.375
873426,1434,quarter,61.625,16.625
867665,1434,quarter,60.625,16.375
908003,1471,quarter,67.625,20.875
906568,1471,quarter,67.375,22.125
903672,1435,quarter,66.875,18.125
899363,1471,quarter,66.125,20.875
866228,1434,quarter,60.375,17.125
860467,1433,quarter,59.375,16.875
859032,1433,quarter,59.125,18.125
857568,1397,quarter,58.875,12.125
854689,1397,quarter,58.375,12.375
847496,1397,quarter,57.125,14.125
843182,1433,quarter,56.375,15.625
897929,1471,quarter,65.875,22.375
892164,1470,quarter,64.875,21.125
870540,1434,quarter,61.125,15.125
883497,1398,quarter,63.375,14.375
880626,1434,quarter,62.875,16.625
873417,1398,quarter,61.625,14.375
871982,1434,quarter,61.375,15.625
909453,1471,quarter,67.875,23.375
900792,1435,quarter,66.375,18.125
866223,1434,quarter,60.375,15.875
864774,1398,quarter,60.125,13.625
861890,1397,quarter,59.625,12.625
844620,1433,quarter,56.625,15.125
897919,1435,quarter,65.875,19.875
897922,1471,quarter,65.875,20.625
870547,1434,quarter,61.125,16.875
886376,1398,quarter,63.875,14.125
884959,1434,quarter,63.625,19.875
882049,1398,quarter,63.125,12.375
882055,1398,quarter,63.125,13.875
882057,1398,quarter,63.125,14.375
877733,1398,quarter,62.375,13.375
913762,1471,quarter,68.625,20.625
900805,1471,quarter,66.375,21.375
859009,1397,quarter,59.125,12.375
859019,1397,quarter,59.125,14.875
857575,1397,quarter,58.875,13.875
848932,1397,quarter,57.375,13.125
896476,1435,quarter,65.625,19.125
896480,1471,quarter,65.625,20.125
895023,1435,quarter,65.375,15.875
892161,1470,quarter,64.875,20.375
889264,1434,quarter,64.375,16.125
889267,1434,quarter,64.375,16.875
889271,1434,quarter,64.375,17.875
886372,1398,quarter,63.875,13.125
886374,1398,quarter,63.875,13.625
882062,1434,quarter,63.125,15.625
879177,1398,quarter,62.625,14.375
867653,1398,quarter,60.625,13.375
867657,1398,quarter,60.625,14.375
908004,1471,quarter,67.625,21.125
906567,1471,quarter,67.375,21.875
903681,1471,quarter,66.875,20.375
903682,1471,quarter,66.875,20.625
900809,1471,quarter,66.375,22.375
900812,1471,quarter,66.375,23.125
899346,1435,quarter,66.125,16.625
899348,1435,quarter,66.125,17.125
866225,1434,quarter,60.375,16.375
866212,1398,quarter,60.375,13.125
860456,1397,quarter,59.375,14.125
859028,1433,quarter,59.125,17.125
847499,1397,quarter,57.125,14.875
843172,1397,quarter,56.375,13.125
897900,1435,quarter,65.875,15.125
897908,1435,quarter,65.875,17.125
896472,1435,quarter,65.625,18.125
892159,1434,quarter,64.875,19.875
870546,1434,quarter,61.125,16.625
887822,1434,quarter,64.125,15.625
886400,1470,quarter,63.875,20.125
883514,1434,quarter,63.375,18.625
873422,1434,quarter,61.625,15.625
908012,1471,quarter,67.625,23.125
906554,1435,quarter,67.375,18.625
903665,1435,quarter,66.875,16.375
902224,1435,quarter,66.625,16.125
900802,1471,quarter,66.375,20.625
864780,1434,quarter,60.125,15.125
863345,1433,quarter,59.875,16.375
857583,1433,quarter,58.875,15.875
854703,1433,quarter,58.375,15.875
850383,1433,quarter,57.625,15.875
897910,1435,quarter,65.875,17.625
893580,1435,quarter,65.125,15.125
887830,1434,quarter,64.125,17.625
886393,1434,quarter,63.875,18.375
886397,1434,quarter,63.875,19.375
880614,1398,quarter,62.875,13.625
879187,1434,quarter,62.625,16.875
874854,1398,quarter,61.875,13.625
909448,1471,quarter,67.875,22.125
906557,1435,quarter,67.375,19.375
903688,1471,quarter,66.875,22.125
902235,1435,quarter,66.625,18.875
899338,1399,quarter,66.125,14.625
899343,1435,quarter,66.125,15.875
854704,1433,quarter,58.375,16.125
853260,1433,quarter,58.125,15.125
850374,1397,quarter,57.625,13.625
847491,1397,quarter,57.125,12.875
846056,1397,quarter,56.875,14.125
844622,1433,quarter,56.625,15.625
843175,1397,quarter,56.375,13.875
838856,1397,quarter,55.625,14.125
870535,1398,quarter,61.125,13.875
870543,1434,quarter,61.125,15.875
887835,1434,quarter,64.125,18.875
887823,1434,quarter,64.125,15.875
882063,1434,quarter,63.125,15.875
874867,1434,quarter,61.875,16.875
874868,1434,quarter,61.875,17.125
908013,1471,quarter,67.625,23.375
903684,1471,quarter,66.875,21.125
909442,1471,quarter,67.875,20.625
909431,1435,quarter,67.875,17.875
907990,1435,quarter,67.625,17.625
903686,1471,quarter,66.875,21.625
902236,1435,quarter,66.625,19.125
900783,1435,quarter,66.375,15.875
900804,1471,quarter,66.375,21.125
899373,1471,quarter,66.125,23.375
866227,1434,quarter,60.375,16.875
863328,1397,quarter,59.875,12.125
859012,1397,quarter,59.125,13.125
857586,1433,quarter,58.875,16.625
856129,1397,quarter,58.625,12.375
851817,1397,quarter,57.875,14.375
848928,1397,quarter,57.375,12.125
897905,1435,quarter,65.875,16.375
896469,1435,quarter,65.625,17.375
896484,1471,quarter,65.625,21.125
896488,1471,quarter,65.625,22.125
876303,1434,quarter,62.125,15.875
887827,1434,quarter,64.125,16.875
886401,1470,quarter,63.875,20.375
886373,1398,quarter,63.875,13.375
882058,1398,quarter,63.125,14.625
880612,1398,quarter,62.875,13.125
910879,1435,quarter,68.125,19.875
910890,1471,quarter,68.125,22.625
908009,1471,quarter,67.625,22.375
906559,1435,quarter,67.375,19.875
903673,1435,quarter,66.875,18.375
900786,1435,quarter,66.375,16.625
866214,1398,quarter,60.375,13.625
859026,1433,quarter,59.125,16.625
854698,1397,quarter,58.375,14.625
851835,1433,quarter,57.875,18.875
850384,1433,quarter,57.625,16.125
846062,1433,quarter,56.875,15.625
846065,1433,quarter,56.875,16.375
895032,1435,quarter,65.375,18.125
893589,1435,quarter,65.125,17.375
886371,1398,quarter,63.875,12.875
880620,1434,quarter,62.875,15.125
880627,1434,quarter,62.875,16.875
880615,1398,quarter,62.875,13.875
879173,1398,quarter,62.625,13.375
874866,1434,quarter,61.875,16.625
871974,1398,quarter,61.375,13.625
912328,1471,quarter,68.375,22.125
910880,1471,quarter,68.125,20.125
906562,1471,quarter,67.375,20.625
903674,1435,quarter,66.875,18.625
899370,1471,quarter,66.125,22.625
899371,1471,quarter,66.125,22.875
899372,1471,quarter,66.125,23.125
864782,1434,quarter,60.125,15.625
860448,1397,quarter,59.375,12.125
857577,1397,quarter,58.875,14.375
850376,1397,quarter,57.625,14.125
838854,1397,quarter,55.625,13.625
897899,1399,quarter,65.875,14.875
912313,1435,quarter,68.375,18.375
908010,1471,quarter,67.625,22.625
899351,1435,quarter,66.125,17.875
899354,1435,quarter,66.125,18.625
899358,1435,quarter,66.125,19.625
864771,1398,quarter,60.125,12.875
864791,1434,quarter,60.125,17.875
864793,1434,quarter,60.125,18.375
863341,1433,quarter,59.875,15.375
863351,1433,quarter,59.875,17.875
854695,1397,quarter,58.375,13.875
853247,1397,quarter,58.125,11.875
853262,1433,quarter,58.125,15.625
850378,1397,quarter,57.625,14.625
848943,1433,quarter,57.375,15.875
837412,1397,quarter,55.375,13.125
897930,1471,quarter,65.875,22.625
895042,1471,quarter,65.375,20.625
889258,1398,quarter,64.375,14.625
886395,1434,quarter,63.875,18.875
883511,1434,quarter,63.375,17.875
877745,1434,quarter,62.375,16.375
909439,1435,quarter,67.875,19.875
906564,1471,quarter,67.375,21.125
905129,1471,quarter,67.125,22.375
903678,1435,quarter,66.875,19.625
902238,1435,quarter,66.625,19.625
864775,1398,quarter,60.125,13.875
854699,1397,quarter,58.375,14.875
851819,1397,quarter,57.875,14.875
848938,1397,quarter,57.375,14.625
847504,1433,quarter,57.125,16.125
869103,1434,quarter,60.875,15.875
870541,1434,quarter,61.125,15.375
880616,1398,quarter,62.875,14.125
877729,1398,quarter,62.375,12.375
908001,1471,quarter,67.625,20.375
905130,1471,quarter,67.125,22.625
902244,1471,quarter,66.625,21.125
900794,1435,quarter,66.375,18.625
860449,1397,quarter,59.375,12.375
857570,1397,quarter,58.875,12.625
857573,1397,quarter,58.875,13.375
854687,1397,quarter,58.375,11.875
848945,1433,quarter,57.375,16.375
847500,1433,quarter,57.125,15.125
844612,1397,quarter,56.625,13.125
843176,1397,quarter,56.375,14.125
840293,1397,quarter,55.875,13.375
897917,1435,quarter,65.875,19.375
895037,1435,quarter,65.375,19.375
890714,1434,quarter,64.625,18.625
870548,1434,quarter,61.125,17.125
886390,1434,quarter,63.875,17.625
883502,1434,quarter,63.375,15.625
882068,1434,quarter,63.125,17.125
873412,1398,quarter,61.625,13.125
873427,1434,quarter,61.625,16.875
871987,1434,quarter,61.375,16.875
913764,1471,quarter,68.625,21.125
912330,1471,quarter,68.375,22.625
906556,1435,quarter,67.375,19.125
903687,1471,quarter,66.875,21.875
903691,1471,quarter,66.875,22.875
864794,1434,quarter,60.125,18.625
863336,1397,quarter,59.875,14.125
863354,1433,quarter,59.875,18.625
861892,1397,quarter,59.625,13.125
861897,1397,quarter,59.625,14.375
861903,1433,quarter,59.625,15.875
859017,1397,quarter,59.125,14.375
856132,1397,quarter,58.625,13.125
854685,1397,quarter,58.375,11.375
854690,1397,quarter,58.375,12.625
848931,1397,quarter,57.375,12.875
896479,1435,quarter,65.625,19.875
895035,1435,quarter,65.375,18.875
889273,1434,quarter,64.375,18.375
869106,1434,quarter,60.875,16.625
887837,1434,quarter,64.125,19.375
877730,1398,quarter,62.375,12.625
877732,1398,quarter,62.375,13.125
867655,1398,quarter,60.625,13.875
913763,1471,quarter,68.625,20.875
907987,1435,quarter,67.625,16.875
906571,1471,quarter,67.375,22.875
899359,1435,quarter,66.125,19.875
861888,1397,quarter,59.625,12.125
861912,1433,quarter,59.625,18.125
853261,1433,quarter,58.125,15.375
841734,1397,quarter,56.125,13.625
841736,1397,quarter,56.125,14.125
895036,1435,quarter,65.375,19.125
893598,1435,quarter,65.125,19.625
890702,1434,quarter,64.625,15.625
890719,1434,quarter,64.625,19.875
886396,1434,quarter,63.875,19.125
884940,1434,quarter,63.625,15.125
884943,1434,quarter,63.625,15.875
882048,1398,quarter,63.125,12.125
882051,1398,quarter,63.125,12.875
877746,1434,quarter,62.375,16.625
874849,1398,quarter,61.875,12.375
867660,1434,quarter,60.625,15.125
909429,1435,quarter,67.875,17.375
907993,1435,quarter,67.625,18.375
906558,1435,quarter,67.375,19.625
906565,1471,quarter,67.375,21.375
905131,1471,quarter,67.125,22.875
902225,1435,quarter,66.625,16.375
863331,1397,quarter,59.875,12.875
897925,1471,quarter,65.875,21.375
895018,1399,quarter,65.375,14.625
893584,1435,quarter,65.125,16.125
893600,1471,quarter,65.125,20.125
883491,1398,quarter,63.375,12.875
882052,1398,quarter,63.125,13.125
879170,1398,quarter,62.625,12.625
873418,1398,quarter,61.625,14.625
909428,1435,quarter,67.875,17.125
909433,1435,quarter,67.875,18.375
899368,1471,quarter,66.125,22.125
863342,1433,quarter,59.875,15.625
844617,1397,quarter,56.625,14.375
843173,1397,quarter,56.375,13.375
895028,1435,quarter,65.375,17.125
893597,1435,quarter,65.125,19.375
892147,1434,quarter,64.875,16.875
890722,1470,quarter,64.625,20.625
890724,1470,quarter,64.625,21.125
886394,1434,quarter,63.875,18.625
883512,1434,quarter,63.375,18.125
879179,1398,quarter,62.625,14.875
871973,1398,quarter,61.375,13.375
871981,1434,quarter,61.375,15.375
909430,1435,quarter,67.875,17.625
905125,1471,quarter,67.125,21.375
902246,1471,quarter,66.625,21.625
899355,1435,quarter,66.125,18.875
864792,1434,quarter,60.125,18.125
854692,1397,quarter,58.375,13.125
854705,1433,quarter,58.375,16.375
896460,1435,quarter,65.625,15.125
896464,1435,quarter,65.625,16.125
890695,1398,quarter,64.625,13.875
890717,1434,quarter,64.625,19.375
889262,1434,quarter,64.375,15.625
876298,1398,quarter,62.125,14.625
886379,1398,quarter,63.875,14.875
886381,1434,quarter,63.875,15.375
884954,1434,quarter,63.625,18.625
883500,1434,quarter,63.375,15.125
883504,1434,quarter,63.375,16.125
882073,1434,quarter,63.125,18.375
874855,1398,quarter,61.875,13.875
910883,1471,quarter,68.125,20.875
906574,1471,quarter,67.375,23.625
906547,1435,quarter,67.375,16.875
905120,1471,quarter,67.125,20.125
902255,1471,quarter,66.625,23.875
864770,1398,quarter,60.125,12.625
864779,1398,quarter,60.125,14.875
857576,1397,quarter,58.875,14.125
857578,1397,quarter,58.875,14.625
854696,1397,quarter,58.375,14.125
853263,1433,quarter,58.125,15.875
848939,1397,quarter,57.375,14.875
844614,1397,quarter,56.625,13.625
893595,1435,quarter,65.125,18.875
889275,1434,quarter,64.375,18.875
889278,1434,quarter,64.375,19.625
870537,1398,quarter,61.125,14.375
876293,1398,quarter,62.125,13.375
887842,1470,quarter,64.125,20.625
883494,1398,quarter,63.375,13.625
880625,1434,quarter,62.875,16.375
877742,1434,quarter,62.375,15.625
907998,1435,quarter,67.625,19.625
906545,1435,quarter,67.375,16.375
906553,1435,quarter,67.375,18.375
905112,1435,quarter,67.125,18.125
902234,1435,quarter,66.625,18.625
900811,1471,quarter,66.375,22.875
864787,1434,quarter,60.125,16.875
859030,1433,quarter,59.125,17.625
857585,1433,quarter,58.875,16.375
856140,1433,quarter,58.625,15.125
854706,1433,quarter,58.375,16.625
853264,1433,quarter,58.125,16.125
851813,1397,quarter,57.875,13.375
848953,1433,quarter,57.375,18.375
848929,1397,quarter,57.375,12.375
848936,1397,quarter,57.375,14.125
847490,1397,quarter,57.125,12.625
895020,1435,quarter,65.375,15.125
890715,1434,quarter,64.625,18.875
889279,1434,quarter,64.375,19.875
870539,1398,quarter,61.125,14.875
887836,1434,quarter,64.125,19.125
883501,1434,quarter,63.375,15.375
907995,1435,quarter,67.625,18.875
906551,1435,quarter,67.375,17.875
905115,1435,quarter,67.125,18.875
899352,1435,quarter,66.125,18.125
866219,1398,quarter,60.375,14.875
856126,1397,quarter,58.625,11.625
853251,1397,quarter,58.125,12.875
850367,1397,quarter,57.625,11.875
850370,1397,quarter,57.625,12.625
850373,1397,quarter,57.625,13.375
850380,1433,quarter,57.625,15.125
844621,1433,quarter,56.625,15.375
843181,1433,quarter,56.375,15.375
892160,1470,quarter,64.875,20.125
890697,1398,quarter,64.625,14.375
869101,1434,quarter,60.875,15.375
869108,1434,quarter,60.875,17.125
870538,1398,quarter,61.125,14.625
876292,1398,quarter,62.125,13.125
884953,1434,quarter,63.625,18.375
913765,1471,quarter,68.625,21.375
912325,1471,quarter,68.375,21.375
902237,1435,quarter,66.625,19.375
866232,1434,quarter,60.375,18.125
864785,1434,quarter,60.125,16.375
863330,1397,quarter,59.875,12.625
863347,1433,quarter,59.875,16.875
860452,1397,quarter,59.375,13.125
860453,1397,quarter,59.375,13.375
859023,1433,quarter,59.125,15.875
851811,1397,quarter,57.875,12.875
848942,1433,quarter,57.375,15.625
847494,1397,quarter,57.125,13.625
896468,1435,quarter,65.625,17.125
895039,1435,quarter,65.375,19.875
893577,1399,quarter,65.125,14.375
893588,1435,quarter,65.125,17.125
892142,1434,quarter,64.875,15.625
890700,1434,quarter,64.625,15.125
890705,1434,quarter,64.625,16.375
869095,1398,quarter,60.875,13.875
876299,1398,quarter,62.125,14.875
886402,1470,quarter,63.875,20.625
882056,1398,quarter,63.125,14.125
879183,1434,quarter,62.625,15.875
877743,1434,quarter,62.375,15.875
903675,1435,quarter,66.875,18.875
902248,1471,quarter,66.625,22.125
902254,1471,quarter,66.625,23.625
864778,1398,quarter,60.125,14.625
861898,1397,quarter,59.625,14.625
859008,1397,quarter,59.125,12.125
856130,1397,quarter,58.625,12.625
897902,1435,quarter,65.875,15.625
897920,1471,quarter,65.875,20.125
896473,1435,quarter,65.625,18.375
892143,1434,quarter,64.875,15.875
892146,1434,quarter,64.875,16.625
890721,1470,quarter,64.625,20.375
869104,1434,quarter,60.875,16.125
886383,1434,quarter,63.875,15.875
874856,1398,quarter,61.875,14.125
907992,1435,quarter,67.625,18.125
902241,1471,quarter,66.625,20.375
902228,1435,quarter,66.625,17.125
900803,1471,quarter,66.375,20.875
863346,1433,quarter,59.875,16.625
859029,1433,quarter,59.125,17.375
859016,1397,quarter,59.125,14.125
857581,1433,quarter,58.875,15.375
856143,1433,quarter,58.625,15.875
854688,1397,quarter,58.375,12.125
851836,1433,quarter,57.875,19.125
850382,1433,quarter,57.625,15.625
848930,1397,quarter,57.375,12.625
846058,1397,quarter,56.875,14.625
846063,1433,quarter,56.875,15.875
897931,1471,quarter,65.875,22.875
896462,1435,quarter,65.625,15.625
892140,1434,quarter,64.875,15.125
892144,1434,quarter,64.875,16.125
889280,1470,quarter,64.375,20.125
876309,1434,quarter,62.125,17.375
887839,1434,quarter,64.125,19.875
887829,1434,quarter,64.125,17.375
882061,1434,quarter,63.125,15.375
877731,1398,quarter,62.375,12.875
912323,1471,quarter,68.375,20.875
909432,1435,quarter,67.875,18.125
900801,1471,quarter,66.375,20.375
850372,1397,quarter,57.625,13.125
897923,1471,quarter,65.875,20.875
895025,1435,quarter,65.375,16.375
895038,1435,quarter,65.375,19.625
893590,1435,quarter,65.125,17.625
890713,1434,quarter,64.625,18.375
884933,1398,quarter,63.625,13.375
910874,1435,quarter,68.125,18.625
910888,1471,quarter,68.125,22.125
908000,1471,quarter,67.625,20.125
906569,1471,quarter,67.375,22.375
905114,1435,quarter,67.125,18.625
902229,1435,quarter,66.625,17.375
899349,1435,quarter,66.125,17.375
854700,1433,quarter,58.375,15.125
853254,1397,quarter,58.125,13.625
853259,1397,quarter,58.125,14.875
848935,1397,quarter,57.375,13.875
841743,1433,quarter,56.125,15.875
838855,1397,quarter,55.625,13.875
897916,1435,quarter,65.875,19.125
895022,1435,quarter,65.375,15.625
890718,1434,quarter,64.625,19.625
876290,1398,quarter,62.125,12.625
887832,1434,quarter,64.125,18.125
884936,1398,quarter,63.625,14.125
884946,1434,quarter,63.625,16.625
882059,1398,quarter,63.125,14.875
882065,1434,quarter,63.125,16.375
880621,1434,quarter,62.875,15.375
880633,1434,quarter,62.875,18.375
877736,1398,quarter,62.375,14.125
874851,1398,quarter,61.875,12.875
871971,1398,quarter,61.375,12.875
871976,1398,quarter,61.375,14.125
867650,1398,quarter,60.625,12.625
912317,1435,quarter,68.375,19.375
909441,1471,quarter,67.875,20.375
907991,1435,quarter,67.625,17.875
905111,1435,quarter,67.125,17.875
903689,1471,quarter,66.875,22.375
900785,1435,quarter,66.375,16.375
900789,1435,quarter,66.375,17.375
899350,1435,quarter,66.125,17.625
866231,1434,quarter,60.375,17.875
863337,1397,quarter,59.875,14.375
860464,1433,quarter,59.375,16.125
854697,1397,quarter,58.375,14.375
843183,1433,quarter,56.375,15.875
897907,1435,quarter,65.875,16.875
897913,1435,quarter,65.875,18.375
896481,1471,quarter,65.625,20.375
892155,1434,quarter,64.875,18.875
889265,1434,quarter,64.375,16.375
870531,1398,quarter,61.125,12.875
876306,1434,quarter,62.125,16.625
884945,1434,quarter,63.625,16.375
884948,1434,quarter,63.625,17.125
884958,1434,quarter,63.625,19.625
883498,1398,quarter,63.375,14.625
874858,1398,quarter,61.875,14.625
873421,1434,quarter,61.625,15.375
871975,1398,quarter,61.375,13.875
906560,1471,quarter,67.375,20.125
906549,1435,quarter,67.375,17.375
900797,1435,quarter,66.375,19.375
854694,1397,quarter,58.375,13.625
851807,1397,quarter,57.875,11.875
847505,1433,quarter,57.125,16.375
844623,1433,quarter,56.625,15.875
897901,1435,quarter,65.875,15.375
896486,1471,quarter,65.625,21.625
896489,1471,quarter,65.625,22.375
893601,1471,quarter,65.125,20.375
892154,1434,quarter,64.875,18.625
890696,1398,quarter,64.625,14.125
876296,1398,quarter,62.125,14.125
887828,1434,quarter,64.125,17.125
886398,1434,quarter,63.875,19.625
884937,1398,quarter,63.625,14.375
877734,1398,quarter,62.375,13.625
874853,1398,quarter,61.875,13.375
867663,1434,quarter,60.625,15.875
844618,1397,quarter,56.625,14.625
910887,1471,quarter,68.125,21.875
909436,1435,quarter,67.875,19.125
905128,1471,quarter,67.125,22.125
903685,1471,quarter,66.875,21.375
864790,1434,quarter,60.125,17.625
861914,1433,quarter,59.625,18.625
860455,1397,quarter,59.375,13.875
857572,1397,quarter,58.875,13.125
851820,1433,quarter,57.875,15.125
896458,1399,quarter,65.625,14.625
876302,1434,quarter,62.125,15.625
874862,1434,quarter,61.875,15.625
873409,1398,quarter,61.625,12.375
910875,1435,quarter,68.125,18.875
909445,1471,quarter,67.875,21.375
907989,1435,quarter,67.625,17.375
908002,1471,quarter,67.625,20.625
905110,1435,quarter,67.125,17.625
899366,1471,quarter,66.125,21.625
847492,1397,quarter,57.125,13.125
897918,1435,quarter,65.875,19.625
897935,1471,quarter,65.875,23.875
895044,1471,quarter,65.375,21.125
869107,1434,quarter,60.875,16.875
884950,1434,quarter,63.625,17.625
883509,1434,quarter,63.375,17.375
883510,1434,quarter,63.375,17.625
882066,1434,quarter,63.125,16.625
880618,1398,quarter,62.875,14.625
877741,1434,quarter,62.375,15.375
871986,1434,quarter,61.375,16.625
903669,1435,quarter,66.875,17.375
866218,1398,quarter,60.375,14.625
861896,1397,quarter,59.625,14.125
853252,1397,quarter,58.125,13.125
893582,1435,quarter,65.125,15.625
893592,1435,quarter,65.125,18.125
893603,1471,quarter,65.125,20.875
889269,1434,quarter,64.375,17.375
889283,1470,quarter,64.375,20.875
884955,1434,quarter,63.625,18.875
883503,1434,quarter,63.375,15.875
883513,1434,quarter,63.375,18.375
879174,1398,quarter,62.625,13.625
879191,1434,quarter,62.625,17.875
871985,1434,quarter,61.375,16.375
867661,1434,quarter,60.625,15.375
903695,1471,quarter,66.875,23.875
861887,1397,quarter,59.625,11.875
860458,1397,quarter,59.375,14.625
857579,1397,quarter,58.875,14.875
840292,1397,quarter,55.875,13.125
897912,1435,quarter,65.875,18.125
896465,1435,quarter,65.625,16.375
896483,1471,quarter,65.625,20.875
893586,1435,quarter,65.125,16.625
892153,1434,quarter,64.875,18.375
870533,1398,quarter,61.125,13.375
886387,1434,quarter,63.875,16.875
883489,1398,quarter,63.375,12.375
873416,1398,quarter,61.625,14.125
905106,1435,quarter,67.125,16.625
851824,1433,quarter,57.875,16.125
843179,1397,quarter,56.375,14.875
841733,1397,quarter,56.125,13.375
840291,1397,quarter,55.875,12.875
897932,1471,quarter,65.875,23.125
895029,1435,quarter,65.375,17.375
892150,1434,quarter,64.875,17.625
890716,1434,quarter,64.625,19.125
889263,1434,quarter,64.375,15.875
869092,1398,quarter,60.875,13.125
869098,1398,quarter,60.875,14.625
883488,1398,quarter,63.375,12.125
882053,1398,quarter,63.125,13.375
880609,1398,quarter,62.875,12.375
879185,1434,quarter,62.625,16.375
879182,1434,quarter,62.625,15.625
867654,1398,quarter,60.625,13.625
867659,1398,quarter,60.625,14.875
912316,1435,quarter,68.375,19.125
912329,1471,quarter,68.375,22.375
909440,1471,quarter,67.875,20.125
906566,1471,quarter,67.375,21.625
905113,1435,quarter,67.125,18.375
903668,1435,quarter,66.875,17.125
900784,1435,quarter,66.375,16.125
861913,1433,quarter,59.625,18.375
857565,1397,quarter,58.875,11.375
857567,1397,quarter,58.875,11.875
854701,1433,quarter,58.375,15.375
853253,1397,quarter,58.125,13.375
846052,1397,quarter,56.875,13.125
895031,1435,quarter,65.375,17.875
892138,1398,quarter,64.875,14.625
892151,1434,quarter,64.875,17.875
890699,1398,quarter,64.625,14.875
876307,1434,quarter,62.125,16.875
886391,1434,quarter,63.875,17.875
873415,1398,quarter,61.625,13.875
873423,1434,quarter,61.625,15.875
871983,1434,quarter,61.375,15.875
915201,1471,quarter,68.875,20.375
913766,1471,quarter,68.625,21.625
910872,1435,quarter,68.125,18.125
910876,1435,quarter,68.125,19.125
910882,1471,quarter,68.125,20.625
909450,1471,quarter,67.875,22.625
906573,1471,quarter,67.375,23.375
899356,1435,quarter,66.125,19.125
861900,1433,quarter,59.625,15.125
860447,1397,quarter,59.375,11.875
860454,1397,quarter,59.375,13.625
859014,1397,quarter,59.125,13.625
856134,1397,quarter,58.625,13.625
851834,1433,quarter,57.875,18.625
848933,1397,quarter,57.375,13.375
844616,1397,quarter,56.625,14.125
843174,1397,quarter,56.375,13.625
838852,1397,quarter,55.625,13.125
897909,1435,quarter,65.875,17.375
869093,1398,quarter,60.875,13.375
884942,1434,quarter,63.625,15.625
880629,1434,quarter,62.875,17.375
874860,1434,quarter,61.875,15.125
874857,1398,quarter,61.875,14.375
873424,1434,quarter,61.625,16.125
908011,1471,quarter,67.625,22.875
905133,1471,quarter,67.125,23.375
903676,1435,quarter,66.875,19.125
902250,1471,quarter,66.625,22.625
899361,1471,quarter,66.125,20.375
899365,1471,quarter,66.125,21.375
860466,1433,quarter,59.375,16.625
859024,1433,quarter,59.125,16.125
854702,1433,quarter,58.375,15.625
850368,1397,quarter,57.625,12.125
844613,1397,quarter,56.625,13.375
897924,1471,quarter,65.875,21.125
896487,1471,quarter,65.625,21.875
892139,1398,quarter,64.875,14.875
890709,1434,quarter,64.625,17.375
887819,1398,quarter,64.125,14.875
886385,1434,quarter,63.875,16.375
886370,1398,quarter,63.875,12.625
883496,1398,quarter,63.375,14.125
882069,1434,quarter,63.125,17.375
879178,1398,quarter,62.625,14.625
877740,1434,quarter,62.375,15.125
897904,1435,quarter,65.875,16.125
895034,1435,quarter,65.375,18.625
893593,1435,quarter,65.125,18.375
890704,1434,quarter,64.625,16.125
889261,1434,quarter,64.375,15.375
887834,1434,quarter,64.125,18.625
884957,1434,quarter,63.625,19.375
880611,1398,quarter,62.875,12.875
879188,1434,quarter,62.625,17.125
871977,1398,quarter,61.375,14.375
867651,1398,quarter,60.625,12.875
910878,1435,quarter,68.125,19.625
908007,1471,quarter,67.625,21.875
906546,1435,quarter,67.375,16.625
902226,1435,quarter,66.625,16.625
902232,1435,quarter,66.625,18.125
900798,1435,quarter,66.375,19.625
899347,1435,quarter,66.125,16.875
857574,1397,quarter,58.875,13.625
848944,1433,quarter,57.375,16.125
848937,1397,quarter,57.375,14.375
844626,1433,quarter,56.625,16.625
897903,1435,quarter,65.875,15.875
893602,1471,quarter,65.125,20.625
876301,1434,quarter,62.125,15.375
883507,1434,quarter,63.375,16.875
883508,1434,quarter,63.375,17.125
867656,1398,quarter,60.625,14.125
912314,1435,quarter,68.375,18.625
909435,1435,quarter,67.875,18.875
909437,1435,quarter,67.875,19.375
906550,1435,quarter,67.375,17.625
902245,1471,quarter,66.625,21.375
899345,1435,quarter,66.125,16.375
863352,1433,quarter,59.875,18.125
859021,1433,quarter,59.125,15.375
859011,1397,quarter,59.125,12.875
846066,1433,quarter,56.875,16.625
896478,1435,quarter,65.625,19.625
869090,1398,quarter,60.875,12.625
869105,1434,quarter,60.875,16.375
884930,1398,quarter,63.625,12.625
884934,1398,quarter,63.625,13.625
877737,1398,quarter,62.375,14.375
915203,1471,quarter,68.875,20.875
912312,1435,quarter,68.375,18.125
910889,1471,quarter,68.125,22.375
905123,1471,quarter,67.125,20.875
902223,1435,quarter,66.625,15.875
864788,1434,quarter,60.125,17.125
861902,1433,quarter,59.625,15.625
856142,1433,quarter,58.625,15.625
854693,1397,quarter,58.375,13.375
853256,1397,quarter,58.125,14.125
851809,1397,quarter,57.875,12.375
846054,1397,quarter,56.875,13.625
843180,1433,quarter,56.375,15.125
897926,1471,quarter,65.875,21.625
896459,1399,quarter,65.625,14.875
887821,1434,quarter,64.125,15.375
880622,1434,quarter,62.875,15.625
874859,1398,quarter,61.875,14.875
915202,1471,quarter,68.875,20.625
912321,1471,quarter,68.375,20.375
910881,1471,quarter,68.125,20.375
902240,1471,quarter,66.625,20.125
900808,1471,quarter,66.375,22.125
866230,1434,quarter,60.375,17.625
866213,1398,quarter,60.375,13.375
861908,1433,quarter,59.625,17.125
857591,1433,quarter,58.875,17.875
853248,1397,quarter,58.125,12.125
853249,1397,quarter,58.125,12.375
847497,1397,quarter,57.125,14.375
840294,1397,quarter,55.875,13.625
897921,1471,quarter,65.875,20.375
896470,1435,quarter,65.625,17.625
886389,1434,quarter,63.875,17.375
883515,1434,quarter,63.375,18.875
877744,1434,quarter,62.375,16.125
874852,1398,quarter,61.875,13.125
910884,1471,quarter,68.125,21.125
903671,1435,quarter,66.875,17.875
900787,1435,quarter,66.375,16.875
863334,1397,quarter,59.875,13.625
857582,1433,quarter,58.875,15.625
889268,1434,quarter,64.375,17.125
884939,1398,quarter,63.625,14.875
877735,1398,quarter,62.375,13.875
877747,1434,quarter,62.375,16.875
910886,1471,quarter,68.125,21.625
909447,1471,quarter,67.875,21.875
907996,1435,quarter,67.625,19.125
905132,1471,quarter,67.125,23.125
903664,1435,quarter,66.875,16.125
900795,1435,quarter,66.375,18.875
900814,1471,quarter,66.375,23.625
899357,1435,quarter,66.125,19.375
899360,1471,quarter,66.125,20.125
866216,1398,quarter,60.375,14.125
864777,1398,quarter,60.125,14.375
861910,1433,quarter,59.625,17.625
851818,1397,quarter,57.875,14.625
850375,1397,quarter,57.625,13.875
848940,1433,quarter,57.375,15.125
848954,1433,quarter,57.375,18.625
848934,1397,quarter,57.375,13.625
846060,1433,quarter,56.875,15.125
841738,1397,quarter,56.125,14.625
897906,1435,quarter,65.875,16.625
895021,1435,quarter,65.375,15.375
895027,1435,quarter,65.375,16.875
892136,1398,quarter,64.875,14.125
890720,1470,quarter,64.625,20.125
889281,1470,quarter,64.375,20.375
879180,1434,quarter,62.625,15.125
871988,1434,quarter,61.375,17.125
909443,1471,quarter,67.875,20.875
903683,1471,quarter,66.875,20.875
899339,1399,quarter,66.125,14.875
866222,1434,quarter,60.375,15.625
861895,1397,quarter,59.625,13.875
860465,1433,quarter,59.375,16.375
859022,1433,quarter,59.125,15.625
857571,1397,quarter,58.875,12.875
857580,1433,quarter,58.875,15.125
851810,1397,quarter,57.875,12.625
841737,1397,quarter,56.125,14.375
893591,1435,quarter,65.125,17.875
892152,1434,quarter,64.875,18.125
869097,1398,quarter,60.875,14.375
869099,1398,quarter,60.875,14.875
874850,1398,quarter,61.875,12.625
909427,1435,quarter,67.875,16.875
908005,1471,quarter,67.625,21.375
905117,1435,quarter,67.125,19.375
902227,1435,quarter,66.625,16.875
860462,1433,quarter,59.375,15.625
853246,1397,quarter,58.125,11.625
851815,1397,quarter,57.875,13.875
850381,1433,quarter,57.625,15.375
847503,1433,quarter,57.125,15.875
893596,1435,quarter,65.125,19.125
889257,1398,quarter,64.375,14.375
887825,1434,quarter,64.125,16.375
884951,1434,quarter,63.625,17.875
882050,1398,quarter,63.125,12.625
880623,1434,quarter,62.875,15.875
879172,1398,quarter,62.625,13.125
879176,1398,quarter,62.625,14.125
879186,1434,quarter,62.625,16.625
871979,1398,quarter,61.375,14.875
871984,1434,quarter,61.375,16.125
867667,1434,quarter,60.625,16.875
903679,1435,quarter,66.875,19.875
900790,1435,quarter,66.375,17.625
900793,1435,quarter,66.375,18.375
866210,1398,quarter,60.375,12.625
863349,1433,quarter,59.875,17.375
861899,1397,quarter,59.625,14.875
860451,1397,quarter,59.375,12.875
860461,1433,quarter,59.375,15.375
859025,1433,quarter,59.125,16.375
857566,1397,quarter,58.875,11.625
856147,1433,quarter,58.625,16.875
893605,1471,quarter,65.125,21.375
892162,1470,quarter,64.875,20.625
869094,1398,quarter,60.875,13.625
870536,1398,quarter,61.125,14.125
876304,1434,quarter,62.125,16.125
876308,1434,quarter,62.125,17.125
884929,1398,quarter,63.625,12.375
884941,1434,quarter,63.625,15.375
882067,1434,quarter,63.125,16.875
882071,1434,quarter,63.125,17.875
880631,1434,quarter,62.875,17.875
910885,1471,quarter,68.125,21.375
906548,1435,quarter,67.375,17.125
905116,1435,quarter,67.125,19.125
900800,1471,quarter,66.375,20.125
900810,1471,quarter,66.375,22.625
866229,1434,quarter,60.375,17.375
863343,1433,quarter,59.875,15.875
863353,1433,quarter,59.875,18.375
861891,1397,quarter,59.625,12.875
856135,1397,quarter,58.625,13.875
854691,1397,quarter,58.375,12.875
851808,1397,quarter,57.875,12.125
896475,1435,quarter,65.625,18.875
895024,1435,quarter,65.375,16.125
890723,1470,quarter,64.625,20.875
887816,1398,quarter,64.125,14.125
906563,1471,quarter,67.375,20.875
905124,1471,quarter,67.125,21.125
903680,1471,quarter,66.875,20.125
902253,1471,quarter,66.625,23.375
899367,1471,quarter,66.125,21.875
861893,1397,quarter,59.625,13.375
860450,1397,quarter,59.375,12.625
859031,1433,quarter,59.125,17.875
853255,1397,quarter,58.125,13.875
853257,1397,quarter,58.125,14.375
847513,1433,quarter,57.125,18.375
846061,1433,quarter,56.875,15.375
895026,1435,quarter,65.375,16.625
892158,1434,quarter,64.875,19.625
889285,1470,quarter,64.375,21.375
869102,1434,quarter,60.875,15.625
887824,1434,quarter,64.125,16.125
883495,1398,quarter,63.375,13.875
883505,1434,quarter,63.375,16.375
909434,1435,quarter,67.875,18.625
907986,1435,quarter,67.625,16.625
903667,1435,quarter,66.875,16.875
900782,1435,quarter,66.375,15.625
859020,1433,quarter,59.125,15.125
853258,1397,quarter,58.125,14.625
847501,1433,quarter,57.125,15.375
846055,1397,quarter,56.875,13.875
841732,1397,quarter,56.125,13.125
897928,1471,quarter,65.875,22.125
893585,1435,quarter,65.125,16.375
890707,1434,quarter,64.625,16.875
890711,1434,quarter,64.625,17.875
887817,1398,quarter,64.125,14.375
884931,1398,quarter,63.625,12.875
879171,1398,quarter,62.625,12.875
874864,1434,quarter,61.875,16.125
873414,1398,quarter,61.625,13.625
871980,1434,quarter,61.375,15.125
912326,1471,quarter,68.375,21.625
910891,1471,quarter,68.125,22.875
907994,1435,quarter,67.625,18.625
907997,1435,quarter,67.625,19.375
908006,1471,quarter,67.625,21.625
906561,1471,quarter,67.375,20.375
905107,1435,quarter,67.125,16.875
903666,1435,quarter,66.875,16.625
902230,1435,quarter,66.625,17.625
866220,1434,quarter,60.375,15.125
863338,1397,quarter,59.875,14.625
853250,1397,quarter,58.125,12.625
844624,1433,quarter,56.625,16.125
840295,1397,quarter,55.875,13.875
837413,1397,quarter,55.375,13.375
897927,1471,quarter,65.875,21.875
895033,1435,quarter,65.375,18.375
893579,1399,quarter,65.125,14.875
890698,1398,quarter,64.625,14.625
883493,1398,quarter,63.375,13.375
880632,1434,quarter,62.875,18.125
907999,1435,quarter,67.625,19.875
907988,1435,quarter,67.625,17.125
902242,1471,quarter,66.625,20.625
899375,1471,quarter,66.125,23.875
864786,1434,quarter,60.125,16.625
863333,1397,quarter,59.875,13.375
859010,1397,quarter,59.125,12.625
850394,1433,quarter,57.625,18.625
848941,1433,quarter,57.375,15.375
847495,1397,quarter,57.125,13.875
897911,1435,quarter,65.875,17.875
895045,1471,quarter,65.375,21.375
895019,1399,quarter,65.375,14.875
890710,1434,quarter,64.625,17.625
889277,1434,quarter,64.375,19.375
869100,1434,quarter,60.875,15.125
887831,1434,quarter,64.125,17.875
884935,1398,quarter,63.625,13.875
882072,1434,quarter,63.125,18.125
880630,1434,quarter,62.875,17.625
867664,1434,quarter,60.625,16.125
866217,1398,quarter,60.375,14.375
861904,1433,quarter,59.625,16.125
861905,1433,quarter,59.625,16.375
861906,1433,quarter,59.625,16.625
860459,1397,quarter,59.375,14.875
860471,1433,quarter,59.375,17.875
850379,1397,quarter,57.625,14.875
892148,1434,quarter,64.875,17.125
892149,1434,quarter,64.875,17.375
890706,1434,quarter,64.625,16.625
870532,1398,quarter,61.125,13.125
880617,1398,quarter,62.875,14.375
880619,1398,quarter,62.875,14.875
879169,1398,quarter,62.625,12.375
879175,1398,quarter,62.625,13.875
877739,1398,quarter,62.375,14.875
912315,1435,quarter,68.375,18.875
905118,1435,quarter,67.125,19.625
905122,1471,quarter,67.125,20.625
903690,1471,quarter,66.875,22.625
903694,1471,quarter,66.875,23.625
900807,1471,quarter,66.375,21.875
866211,1398,quarter,60.375,12.875
864784,1434,quarter,60.125,16.125
857584,1433,quarter,58.875,16.125
856127,1397,quarter,58.625,11.875
856133,1397,quarter,58.625,13.375
856136,1397,quarter,58.625,14.125
846053,1397,quarter,56.875,13.375
838853,1397,quarter,55.625,13.375
893581,1435,quarter,65.125,15.375
890703,1434,quarter,64.625,15.875
876295,1398,quarter,62.125,13.875
886399,1434,quarter,63.875,19.875
886375,1398,quarter,63.875,13.875
883506,1434,quarter,63.375,16.625
882054,1398,quarter,63.125,13.625
909446,1471,quarter,67.875,21.625
905126,1471,quarter,67.125,21.625
905127,1471,quarter,67.125,21.875
902233,1435,quarter,66.625,18.375
860457,1397,quarter,59.375,14.375
859013,1397,quarter,59.125,13.375
853266,1433,quarter,58.125,16.625
843178,1397,quarter,56.375,14.625
897898,1399,quarter,65.875,14.625
896463,1435,quarter,65.625,15.875
896485,1471,quarter,65.625,21.375
893594,1435,quarter,65.125,18.625
870534,1398,quarter,61.125,13.625
886378,1398,quarter,63.875,14.625
884938,1398,quarter,63.625,14.625
880613,1398,quarter,62.875,13.375
877748,1434,quarter,62.375,17.125
910877,1435,quarter,68.125,19.375
902247,1471,quarter,66.625,21.875
899342,1435,quarter,66.125,15.625
899364,1471,quarter,66.125,21.125
861911,1433,quarter,59.625,17.875
851822,1433,quarter,57.875,15.625
851825,1433,quarter,57.875,16.375
896466,1435,quarter,65.625,16.625
896474,1435,quarter,65.625,18.625
896482,1471,quarter,65.625,20.625
889284,1470,quarter,64.375,21.125
876297,1398,quarter,62.125,14.375
886388,1434,quarter,63.875,17.125
883499,1398,quarter,63.375,14.875
879184,1434,quarter,62.625,16.125
877738,1398,quarter,62.375,14.625
910873,1435,quarter,68.125,18.375
906555,1435,quarter,67.375,18.875
905121,1471,quarter,67.125,20.375
903670,1435,quarter,66.875,17.625
864776,1398,quarter,60.125,14.125
893604,1471,quarter,65.125,21.125
892157,1434,quarter,64.875,19.375
890701,1434,quarter,64.625,15.375
890708,1434,quarter,64.625,17.125
889272,1434,quarter,64.375,18.125
889274,1434,quarter,64.375,18.625
876300,1434,quarter,62.125,15.125
884947,1434,quarter,63.625,16.875
880610,1398,quarter,62.875,12.625
879190,1434,quarter,62.625,17.625
873413,1398,quarter,61.625,13.375
873419,1398,quarter,61.625,14.875
871972,1398,quarter,61.375,13.125
867652,1398,quarter,60.625,13.125
