,soil_moisture,soil_moisture_error,retrieval_qual_flag,surface_flag,freeze_thaw_fraction
2015-04-01,,,,,0.8125
2015-04-02,,,,,0.8125
2015-04-03,,,,,0.8125
2015-04-04,,,,,0.8125
2015-04-05,,,,,0.8125
2015-04-06,,,,,0.8125
2015-04-07,,,,,0.8125
2015-04-08,,,,,0.0
2015-04-09,,,,,0.0
2015-04-10,,,,,0.25
2015-04-11,,,,,0.1875
2015-04-12,,,,,0.0
2015-04-13,,,,,0.0
2015-04-14,,,,,0.1875
2015-04-15,,,,,0.1875
2015-04-16,,,,,0.1875
2015-04-17,,,,,0.1875
2015-04-18,,,,,0.1875
2015-04-19,,,,,0.0
2015-04-20,,,,,0.0
2015-04-21,,,,,0.0
2015-04-22,,,,,0.0
2015-04-23,,,,,0.0
2015-04-24,,,,,0.0
2015-04-25,,,,,0.0
2015-04-26,,,,,0.0
2015-04-27,,,,,0.0
2015-04-28,0.281494,,,,0.0
2015-04-29,0.2388244,,,,0.0
2015-04-30,0.2710626,,,,0.0
2015-05-01,0.3568445,,,,0.0
2015-05-02,0.32050475,,,,0.0
2015-05-03,0.28791684,,,,0.0
2015-05-04,0.2750993,,,,0.0
2015-05-05,0.30436403,,,,0.0
2015-05-06,0.33997604,,,,0.0
2015-05-07,0.3625851,,,,0.0
2015-05-08,0.3962982,,,,0.0
2015-05-09,0.42815602,,,,0.0
2015-05-10,0.36428702,,,,0.0
2015-05-11,0.40588254,,,,0.0
2015-05-12,0.384455,,,,0.0
2015-05-14,,,,,
2015-05-15,0.46108702,,,,0.0
2015-05-16,0.40546554,,,,0.0
2015-05-17,0.3739301,,,,0.0
2015-05-18,0.36662853,,,,0.0
2015-05-19,0.4169773,,,,0.0
2015-05-20,0.42238927,,,,0.0
2015-05-21,0.42652473,,,,0.0
2015-05-22,0.3912614,,,,0.0
2015-05-23,0.4761483,,,,0.0
2015-05-24,0.412116,,,,0.0
2015-05-25,0.40507734,,,,0.0
2015-05-26,0.41172242,,,,0.0
2015-05-27,,,,,0.0
2015-05-28,0.4100104,,,,0.0
2015-05-29,0.4152806,,,,0.0
2015-05-30,0.40280575,,,,0.0
2015-05-31,0.4827296,,,,0.0
2015-06-01,0.39755422,,,,0.0
2015-06-02,0.44257224,,,,0.0
2015-06-03,0.46475595,,,,0.0
2015-06-04,0.44140315,,,,0.0
2015-06-05,0.44253004,,,,0.0
2015-06-06,0.42909572,,,,0.0
2015-06-07,0.4447973,,,,0.0
2015-06-08,0.44773048,,,,0.0
2015-06-09,0.4549473,,,,0.0
2015-06-10,0.47667414,,,,0.0
2015-06-11,,,,,
2015-06-12,0.4659299,,,,0.0
2015-06-13,0.41097385,,,,0.0
2015-06-14,0.4078434,,,,0.0
2015-06-15,0.3963945,,,,0.0
2015-06-16,0.36128658,,,,0.0
2015-06-17,,,,,
2015-06-18,0.40005124,,,,0.0
2015-06-19,0.37968838,,,,0.0
2015-06-20,0.40381446,,,,0.0
2015-06-21,0.39964575,,,,0.0
2015-06-22,0.40240434,,,,0.0
2015-06-23,0.3721788,,,,0.0
2015-06-24,0.42954078,,,,0.0
2015-06-25,0.4297764,,,,0.0
2015-06-26,0.4292125,,,,0.0
2015-06-27,0.4733023,,,,0.0
2015-06-28,0.40046653,,,,0.0
2015-06-29,0.41840556,,,,0.0
2015-06-30,0.446138,,,,0.0
2015-07-01,0.40614828,,,,0.0
2015-07-02,0.40901747,,,,0.0
2015-07-03,0.36467302,,,,0.0
2015-07-04,0.43451542,,,,0.0
2015-07-05,0.46298188,,,,0.0
2015-07-06,0.4030928,,,,0.0
2015-07-07,,,,,0.0
2015-07-08,0.4685509,,,,0.0
2015-07-09,0.4456087,,,,0.0
2015-07-10,,,,,0.0
2015-07-11,,,,,0.0
2015-07-12,0.42488223,,,,0.0
2015-07-13,0.4321488,,,,0.0
2015-07-14,0.40989378,,,,0.0
2015-07-15,0.49420545,,,,0.0
2015-07-16,0.41246653,,,,0.0
2015-07-17,0.41268668,,,,0.0
2015-07-18,0.47768298,,,,0.0
2015-07-19,0.4057207,,,,0.0
2015-07-20,0.4253274,,,,0.0
2015-07-21,0.42556238,,,,0.0
2015-07-22,0.41562718,,,,0.0
2015-07-23,0.466679,,,,0.0
2015-07-24,0.39920855,,,,0.0
2015-07-25,0.38506526,,,,0.0
2015-07-26,0.4405649,,,,0.0
2015-07-27,,,,,0.0
2015-07-28,0.49015853,,,,0.0
2015-07-29,0.4479857,,,,0.0
2015-07-30,0.48532778,,,,0.0
2015-07-31,0.45324212,,,,0.0
2015-08-01,0.48316497,,,,0.0
2015-08-02,0.41752183,,,,0.0
2015-08-03,0.4208227,,,,0.0
2015-08-04,0.39887664,,,,0.0
2015-08-05,0.40898824,,,,0.0
2015-08-06,0.41613534,,,,0.0
2015-08-07,0.39410782,,,,0.0
2015-08-08,0.44020826,,,,0.0
2015-08-09,0.40177026,,,,0.0
2015-08-10,0.40810946,,,,0.0
2015-08-11,0.4114244,,,,0.0
2015-08-12,0.39382353,,,,0.0
2015-08-13,0.44798592,,,,0.0
2015-08-14,0.37902552,,,,0.0
2015-08-15,0.3586329,,,,0.0
2015-08-16,0.41132075,,,,0.0
2015-08-17,0.4189886,,,,0.0
2015-08-18,0.39617863,,,,0.0
2015-08-19,0.4059553,,,,0.0
2015-08-20,0.4379688,,,,0.0
2015-08-21,0.40009323,,,,0.0
2015-08-22,0.41492075,,,,0.0
2015-08-23,0.4166141,,,,0.0
2015-08-24,0.40639096,,,,0.0
2015-08-25,0.39599696,,,,0.0
2015-08-26,0.39030206,,,,0.0
2015-08-27,0.35928535,,,,0.0
2015-08-28,,,,,0.0
2015-08-29,0.4487796,,,,0.0
2015-08-30,0.42922786,,,,0.0
2015-08-31,0.37979007,,,,0.0
2015-09-01,0.44912297,,,,0.0
2015-09-02,0.3501373,,,,0.0
2015-09-03,0.35355204,,,,0.0
2015-09-04,0.32805815,,,,0.0
2015-09-05,0.32071367,,,,0.0
2015-09-06,0.3495245,,,,0.0
2015-09-07,0.36170113,,,,0.0
2015-09-08,0.33231887,,,,0.0
2015-09-09,0.33452824,,,,0.0
2015-09-10,0.36499754,,,,0.0
2015-09-11,0.35467905,,,,0.0
2015-09-12,0.3012261,,,,0.0
2015-09-13,0.34146217,,,,0.0
2015-09-14,0.3247582,,,,0.0
2015-09-15,0.32983378,,,,0.0
2015-09-16,0.31567827,,,,0.0
2015-09-17,0.43290576,,,,0.0
2015-09-18,0.487879,,,,0.0
2015-09-19,,,,,0.0
2015-09-20,,,,,0.0
2015-09-21,0.45357767,,,,0.0
2015-09-22,0.48124698,,,,0.0
2015-09-23,0.456381,,,,0.0
2015-09-24,0.43495792,,,,0.0
2015-09-25,0.49882346,,,,0.0
2015-09-26,,,,,0.0
2015-09-27,0.49969053,,,,0.0
2015-09-28,,,,,0.0
2015-09-29,0.43777272,,,,0.0
2015-09-30,0.46556655,,,,0.0
2015-10-01,0.44567972,,,,0.0
2015-10-02,0.41561732,,,,0.0
2015-10-03,0.43652275,,,,0.0
2015-10-04,0.39857367,,,,0.0
2015-10-05,0.3960278,,,,0.0
2015-10-06,0.3058591,,,,0.0
2015-10-07,0.26346228,,,,0.0
2015-10-08,0.33972773,,,,0.0
2015-10-09,0.3643762,,,,0.0
2015-10-10,0.28328213,,,,0.0
2015-10-11,0.312883,,,,0.0
2015-10-12,0.39456233,,,,0.0
2015-10-13,0.29691246,,,,0.0
2015-10-14,0.39353374,,,,0.0
2015-10-15,0.3484703,,,,0.0
2015-10-16,0.40324095,,,,0.0
2015-10-17,0.3806675,,,,0.0
2015-10-18,0.3795848,,,,0.0
2015-10-19,0.37494048,,,,0.0
2015-10-20,0.28682986,,,,0.0
2015-10-21,0.35668135,,,,0.0
2015-10-22,0.39146617,,,,0.0
2015-10-23,0.42589164,,,,0.0
2015-10-24,0.326881,,,,0.0
2015-10-25,0.38947016,,,,0.0
2015-10-26,0.38318068,,,,0.0
2015-10-27,0.3629847,,,,0.0
2015-10-28,0.29495826,,,,0.0
2015-10-29,0.21650237,,,,0.0
2015-10-30,0.22297427,,,,0.1875
2015-10-31,0.33712035,,,,0.0
2015-11-01,0.31509387,,,,0.0
2015-11-02,0.31897253,,,,0.0
2015-11-03,0.37502182,,,,0.0
2015-11-04,0.3643139,,,,0.0
2015-11-05,0.35747287,,,,0.0
2015-11-06,0.27046692,,,,0.0
2015-11-07,0.34789315,,,,0.0
2015-11-08,0.41276044,,,,0.0
2015-11-09,0.2815317,,,,0.0
2015-11-10,0.40236717,,,,0.0
2015-11-11,0.24054818,,,,0.0
2015-11-12,,,,,0.0
2015-11-13,0.21047841,,,,0.0
2015-11-14,0.43180257,,,,0.0
2015-11-15,0.20207615,,,,0.0
2015-11-16,0.23592646,,,,0.0
2015-11-17,0.2806783,,,,0.0
2015-11-18,,,,,0.0
2015-11-19,,,,,0.3125
2015-11-20,,,,,0.5625
2015-11-21,,,,,0.6875
2015-11-22,,,,,0.6875
2015-11-23,,,,,0.6875
2015-11-24,,,,,0.8125
2015-11-25,,,,,0.5625
2015-11-26,,,,,0.25
2015-11-27,,,,,0.25
2015-11-28,,,,,0.0
2015-11-29,,,,,0.5
2015-11-30,,,,,0.0
2015-12-01,,,,,0.6875
2015-12-02,,,,,0.8125
2015-12-03,,,,,0.8125
2015-12-04,,,,,0.8125
2015-12-05,,,,,0.8125
2015-12-06,,,,,0.8125
2015-12-07,,,,,0.5625
2015-12-08,,,,,0.8125
2015-12-09,,,,,0.6875
2015-12-10,,,,,0.5625
2015-12-11,,,,,0.8125
2015-12-12,,,,,0.8125
2015-12-13,,,,,0.8125
2015-12-14,,,,,0.8125
2015-12-15,,,,,
2015-12-17,,,,,
2015-12-18,,,,,0.8125
2015-12-19,,,,,0.8125
2015-12-20,,,,,0.8125
2015-12-21,,,,,0.6875
2015-12-22,,,,,0.375
2015-12-23,,,,,0.8125
2015-12-24,,,,,0.8125
2015-12-25,,,,,0.8125
2015-12-26,,,,,0.8125
2015-12-27,,,,,0.8125
2015-12-28,,,,,0.9375
2015-12-29,,,,,0.9375
2015-12-30,,,,,0.8125
2015-12-31,,,,,0.8125
2016-01-01,,,,,0.8125
2016-01-02,,,,,0.8125
2016-01-03,,,,,0.8125
2016-01-04,,,,,0.9375
2016-01-05,,,,,1.0
2016-01-06,,,,,1.0
2016-01-07,,,,,1.0
2016-01-08,,,,,1.0
2016-01-09,,,,,1.0
2016-01-10,,,,,1.0
2016-01-11,,,,,1.0
2016-01-12,,,,,1.0
2016-01-13,,,,,1.0
2016-01-14,,,,,1.0
2016-01-15,,,,,1.0
2016-01-16,,,,,1.0
2016-01-17,,,,,1.0
2016-01-18,,,,,1.0
2016-01-19,,,,,1.0
2016-01-20,,,,,1.0
2016-01-21,,,,,1.0
2016-01-22,,,,,1.0
2016-01-23,,,,,1.0
2016-01-24,,,,,1.0
2016-01-25,,,,,0.9375
2016-01-26,,,,,0.9375
2016-01-27,,,,,0.875
2016-01-28,,,,,0.8125
2016-01-29,,,,,0.8125
2016-01-30,,,,,0.8125
2016-01-31,,,,,0.8125
2016-02-01,,,,,0.8125
2016-02-02,,,,,0.8125
2016-02-03,,,,,0.8125
2016-02-04,,,,,0.8125
2016-02-05,,,,,0.8125
2016-02-06,,,,,0.8125
2016-02-07,,,,,0.8125
2016-02-08,,,,,0.8125
2016-02-09,,,,,0.8125
2016-02-10,,,,,0.8125
2016-02-11,,,,,0.8125
2016-02-12,,,,,0.8125
2016-02-13,,,,,0.8125
2016-02-14,,,,,0.8125
2016-02-15,,,,,0.8125
2016-02-16,,,,,0.8125
2016-02-17,,,,,0.8125
2016-02-18,,,,,0.8125
2016-02-19,,,,,0.8125
2016-02-20,,,,,0.8125
2016-02-21,,,,,0.8125
2016-02-22,,,,,0.8125
2016-02-23,,,,,0.8125
2016-02-24,,,,,0.8125
2016-02-25,,,,,0.8125
2016-02-26,,,,,0.8125
2016-02-27,,,,,0.8125
2016-02-28,,,,,0.8125
2016-02-29,,,,,0.8125
2016-03-01,,,,,0.8125
2016-03-02,,,,,0.8125
2016-03-03,,,,,0.8125
2016-03-04,,,,,0.8125
2016-03-05,,,,,0.8125
2016-03-06,,,,,0.8125
2016-03-07,,,,,0.8125
2016-03-08,,,,,0.8125
2016-03-09,,,,,0.8125
2016-03-10,,,,,0.8125
2016-03-11,,,,,0.8125
2016-03-12,,,,,0.8125
2016-03-13,,,,,0.8125
2016-03-14,,,,,0.8125
2016-03-15,,,,,0.8125
2016-03-16,,,,,0.8125
2016-03-17,,,,,0.8125
2016-03-18,,,,,0.8125
2016-03-19,,,,,0.8125
2016-03-20,,,,,0.8125
2016-03-21,,,,,0.8125
2016-03-22,,,,,1.0
2016-03-23,,,,,0.8125
2016-03-24,,,,,0.875
2016-03-25,,,,,0.8125
2016-03-26,,,,,0.8125
2016-03-27,,,,,0.8125
2016-03-28,,,,,0.8125
2016-03-29,,,,,0.8125
2016-03-30,,,,,0.0625
2016-03-31,,,,,0.0625
2016-04-01,,,,,0.0625
2016-04-02,,,,,0.0625
2016-04-03,,,,,0.1875
2016-04-04,,,,,0.1875
2016-04-05,,,,,0.1875
2016-04-06,,,,,0.0625
2016-04-07,,,,,0.0625
2016-04-08,,,,,0.0625
2016-04-09,,,,,0.1875
2016-04-10,,,,,0.1875
2016-04-11,,,,,0.1875
2016-04-12,,,,,0.0
2016-04-13,,,,,0.1875
2016-04-14,,,,,0.1875
2016-04-15,,,,,0.1875
2016-04-16,,,,,0.1875
2016-04-17,,,,,0.1875
2016-04-18,,,,,0.1875
2016-04-19,,,,,0.1875
2016-04-20,,,,,0.1875
2016-04-21,,,,,0.0
2016-04-22,,,,,0.0
2016-04-23,,,,,0.0
2016-04-24,,,,,0.0
2016-04-25,,,,,0.0
2016-04-26,,,,,0.0
2016-04-27,,,,,0.0
2016-04-28,,,,,0.0
2016-04-29,,,,,0.0
2016-04-30,,,,,
2016-05-02,,,,,
2016-05-03,0.3788291,,,,0.0
2016-05-04,0.41142744,,,,0.0
2016-05-05,0.3756549,,,,0.0
2016-05-06,0.41679174,,,,0.0
2016-05-07,,,,,0.0
2016-05-08,0.45587423,,,,0.0
2016-05-09,,,,,
2016-05-10,0.48705596,,,,0.0
2016-05-11,0.41997567,,,,0.0
2016-05-12,0.41340747,,,,0.0
2016-05-13,0.39619914,,,,0.0
2016-05-14,0.41804406,,,,0.0
2016-05-15,0.34411055,,,,0.0
2016-05-16,0.41735297,,,,0.0
2016-05-17,0.42111385,,,,0.0
2016-05-18,0.39593443,,,,0.0
2016-05-19,0.3464962,,,,0.0
2016-05-20,0.36081347,,,,0.0
2016-05-21,0.35694468,,,,0.0
2016-05-22,0.38449314,,,,0.0
2016-05-23,0.35235634,,,,0.0
2016-05-24,0.4175093,,,,0.0
2016-05-25,0.45221627,,,,0.0
2016-05-26,0.38563064,,,,0.0
2016-05-27,0.4270875,,,,0.0
2016-05-28,0.3701432,,,,0.0
2016-05-29,0.40958798,,,,0.0
2016-05-30,0.42494297,,,,0.0
2016-05-31,0.4207113,,,,0.0
2016-06-01,0.48717102,,,,0.0
2016-06-02,0.43239385,,,,0.0
2016-06-03,0.46351582,,,,0.0
2016-06-04,0.41903877,,,,0.0
2016-06-05,0.39939237,,,,0.0
2016-06-06,0.37279955,,,,0.0
2016-06-07,0.43155053,,,,0.0
2016-06-08,0.38566312,,,,0.0
2016-06-09,0.36519167,,,,0.0
2016-06-10,0.44402677,,,,0.0
2016-06-11,0.3349578,,,,0.0
2016-06-12,0.3331594,,,,0.0
2016-06-13,0.32948497,,,,0.0
2016-06-14,0.3261728,,,,0.0
2016-06-15,0.33838442,,,,0.0
2016-06-16,0.33944184,,,,0.0
2016-06-17,0.41488558,,,,0.0
2016-06-18,0.43014452,,,,0.0
2016-06-19,,,,,0.0
2016-06-20,0.42466807,,,,0.0
2016-06-21,0.39418623,,,,0.0
2016-06-22,0.3568051,,,,0.0
2016-06-23,0.35149124,,,,0.0
2016-06-24,0.39820167,,,,0.0
2016-06-25,0.49259257,,,,0.0
2016-06-26,0.33733672,,,,0.0
2016-06-27,0.40936512,,,,0.0
2016-06-28,0.40572903,,,,0.0
2016-06-29,0.4236635,,,,0.0
2016-06-30,0.37087497,,,,0.0
2016-07-01,0.42904872,,,,0.0
2016-07-02,0.364522,,,,0.0
2016-07-03,0.49933386,,,,0.0
2016-07-04,0.42021698,,,,0.0
2016-07-05,0.39833757,,,,0.0
2016-07-06,0.41793203,,,,0.0
2016-07-07,0.43494946,,,,0.0
2016-07-08,0.41398725,,,,0.0
2016-07-09,0.41880366,,,,0.0
2016-07-10,0.41843796,,,,0.0
2016-07-11,0.39178592,,,,0.0
2016-07-12,0.36883068,,,,0.0
2016-07-13,0.3748088,,,,0.0
2016-07-14,0.4171036,,,,0.0
2016-07-15,0.4965174,,,,0.0
2016-07-16,0.4322639,,,,0.0
2016-07-17,0.4435909,,,,0.0
2016-07-18,0.4428724,,,,0.0
2016-07-19,0.42664874,,,,0.0
2016-07-20,0.38154978,,,,0.0
2016-07-21,0.41447636,,,,0.0
2016-07-22,0.39817384,,,,0.0
2016-07-23,0.42664114,,,,0.0
2016-07-24,0.3437253,,,,0.0
2016-07-25,0.35896885,,,,0.0
2016-07-26,0.42968112,,,,0.0
2016-07-27,,,,,0.0
2016-07-28,0.40374672,,,,0.0
2016-07-29,0.40925822,,,,0.0
2016-07-30,,,,,
2016-07-31,,,,,0.0
2016-08-01,0.44565043,,,,0.0
2016-08-02,0.48768538,,,,0.0
2016-08-03,0.41590223,,,,0.0
2016-08-04,0.37322992,,,,0.0
2016-08-05,0.38408935,,,,0.0
2016-08-06,0.3893016,,,,0.0
2016-08-07,0.39329636,,,,0.0
2016-08-08,0.36316088,,,,0.0
2016-08-09,0.38587812,,,,0.0
2016-08-10,0.45916432,,,,0.0
2016-08-11,,,,,0.0
2016-08-12,0.43289125,,,,0.0
2016-08-13,,,,,0.0
2016-08-14,0.44470274,,,,0.0
2016-08-15,0.46180314,,,,0.0
2016-08-16,0.38962618,,,,0.0
2016-08-17,0.39037588,,,,0.0
2016-08-18,0.39663786,,,,0.0
2016-08-19,0.28239495,,,,0.0
2016-08-20,0.3878582,,,,0.0
2016-08-21,0.40860304,,,,0.0
2016-08-22,0.38614956,,,,0.0
2016-08-23,0.43178847,,,,0.0
2016-08-24,0.42938784,,,,0.0
2016-08-25,0.44569412,,,,0.0
2016-08-26,0.42933583,,,,0.0
2016-08-27,,,,,0.0
2016-08-28,0.4820528,,,,0.0
2016-08-29,0.47536904,,,,0.0
2016-08-30,0.4516392,,,,0.0
2016-08-31,0.40022972,,,,0.0
2016-09-01,0.461194,,,,0.0
2016-09-02,0.47359222,,,,0.0
2016-09-03,0.43254554,,,,0.0
2016-09-04,0.3878404,,,,0.0
2016-09-05,0.41465133,,,,0.0
2016-09-06,,,,,
2016-09-07,0.31851396,,,,0.0
2016-09-08,0.40183833,,,,0.0
2016-09-09,0.37022868,,,,0.0
2016-09-10,0.33654547,,,,0.0
2016-09-11,0.3657636,,,,0.0
2016-09-12,0.35881457,,,,0.0
2016-09-13,0.38542888,,,,0.0
2016-09-14,0.41020313,,,,0.0
2016-09-15,0.3679118,,,,0.0
2016-09-16,0.39363787,,,,0.0
2016-09-17,0.35130975,,,,0.0
2016-09-18,0.38926834,,,,0.0
2016-09-19,0.34114975,,,,0.0
2016-09-20,0.3785588,,,,0.0
2016-09-21,,,,,
2016-09-22,0.36176518,,,,0.0
2016-09-23,0.39525247,,,,0.0
2016-09-24,0.2986769,,,,0.0
2016-09-25,0.34598207,,,,0.0
2016-09-26,0.3658701,,,,0.0
2016-09-28,,,,,
2016-09-29,0.43883073,,,,0.0
2016-09-30,0.4546458,,,,0.0
2016-10-01,0.40092215,,,,0.0
2016-10-02,0.40096533,,,,0.0
2016-10-03,0.38416117,,,,0.0
2016-10-04,0.29430908,,,,0.0
2016-10-05,0.30293414,,,,0.0
2016-10-06,0.3625506,,,,0.0
2016-10-07,0.3840607,,,,0.0
2016-10-08,0.42143708,,,,0.0
2016-10-09,0.3368568,,,,0.0
2016-10-10,0.34757426,,,,0.0
2016-10-11,0.3179675,,,,0.0
2016-10-12,0.2715693,,,,0.0
2016-10-13,0.2573398,,,,0.0
2016-10-14,0.2902601,,,,0.0
2016-10-15,0.24478225,,,,0.0
2016-10-16,0.34619224,,,,0.0
2016-10-17,0.3362791,,,,0.0
2016-10-18,0.33298612,,,,0.0
2016-10-19,0.36122996,,,,0.0
2016-10-20,0.30394158,,,,0.0
2016-10-21,0.3514533,,,,0.0
2016-10-22,0.29198533,,,,0.0
2016-10-23,0.27287847,,,,0.0
2016-10-24,0.3204679,,,,0.0
2016-10-25,0.39990714,,,,0.0
2016-10-26,0.32477403,,,,0.0
2016-10-27,0.2800334,,,,0.0
2016-10-28,0.3437342,,,,0.0
2016-10-29,0.27632257,,,,0.0
2016-10-30,0.2633269,,,,0.0
2016-10-31,0.22512005,,,,0.0
2016-11-01,0.23222895,,,,0.0
2016-11-02,0.23599327,,,,0.0
2016-11-03,,,,,0.0
2016-11-04,,,,,0.1875
2016-11-05,,,,,0.8125
2016-11-06,,,,,0.8125
2016-11-07,,,,,0.8125
2016-11-08,,,,,0.8125
2016-11-09,,,,,0.8125
2016-11-10,,,,,0.8125
2016-11-11,,,,,0.8125
2016-11-12,,,,,0.8125
2016-11-13,,,,,0.8125
2016-11-14,,,,,0.8125
2016-11-15,,,,,0.8125
2016-11-16,,,,,0.4375
2016-11-17,,,,,0.25
2016-11-18,,,,,0.8125
2016-11-19,,,,,0.8125
2016-11-20,,,,,0.8125
2016-11-21,,,,,0.8125
2016-11-22,,,,,0.8125
2016-11-23,,,,,0.625
2016-11-24,,,,,0.8125
2016-11-25,,,,,0.8125
2016-11-26,,,,,0.8125
2016-11-27,,,,,0.8125
2016-11-28,,,,,0.8125
2016-11-29,,,,,0.8125
2016-11-30,,,,,0.8125
2016-12-01,,,,,
2016-12-02,,,,,0.8125
2016-12-03,,,,,0.8125
2016-12-04,,,,,0.875
2016-12-05,,,,,0.8125
2016-12-06,,,,,0.8125
2016-12-07,,,,,0.8125
2016-12-08,,,,,0.8125
2016-12-09,,,,,0.8125
2016-12-10,,,,,0.8125
2016-12-11,,,,,0.875
2016-12-12,,,,,0.875
2016-12-13,,,,,0.875
2016-12-14,,,,,0.8125
2016-12-15,,,,,0.8125
2016-12-16,,,,,
2016-12-17,,,,,0.8125
2016-12-18,,,,,0.8125
2016-12-19,,,,,0.8125
2016-12-20,,,,,0.8125
2016-12-21,,,,,0.8125
2016-12-22,,,,,0.8125
2016-12-23,,,,,0.8125
2016-12-24,,,,,0.8125
2016-12-25,,,,,0.8125
2016-12-26,,,,,0.8125
2016-12-27,,,,,0.8125
2016-12-28,,,,,0.8125
2016-12-29,,,,,0.8125
2016-12-30,,,,,0.8125
2016-12-31,,,,,0.375
2017-01-01,0.17052199,,,,0.4375
2017-01-02,,,,,0.8125
2017-01-03,,,,,1.0
2017-01-04,,,,,1.0
2017-01-05,,,,,1.0
2017-01-06,,,,,1.0
2017-01-07,,,,,1.0
2017-01-08,,,,,0.8125
2017-01-09,,,,,0.8125
2017-01-10,,,,,0.8125
2017-01-11,,,,,0.8125
2017-01-12,,,,,0.8125
2017-01-13,,,,,0.8125
2017-01-14,,,,,0.8125
2017-01-15,,,,,0.875
2017-01-16,,,,,0.8125
2017-01-17,,,,,0.9375
2017-01-18,,,,,0.8125
2017-01-19,,,,,0.8125
2017-01-20,,,,,0.8125
2017-01-21,,,,,0.8125
2017-01-22,,,,,0.8125
2017-01-23,,,,,0.8125
2017-01-24,,,,,0.8125
2017-01-25,,,,,0.8125
2017-01-26,,,,,0.8125
2017-01-27,,,,,0.8125
2017-01-28,,,,,0.8125
2017-01-29,,,,,0.8125
2017-01-30,,,,,0.8125
2017-01-31,,,,,0.8125
2017-02-01,,,,,0.8125
2017-02-02,,,,,0.8125
2017-02-03,,,,,0.8125
2017-02-04,,,,,0.8125
2017-02-05,,,,,0.8125
2017-02-06,,,,,0.8125
2017-02-07,,,,,0.9375
2017-02-08,,,,,1.0
2017-02-09,,,,,1.0
2017-02-10,,,,,1.0
2017-02-11,,,,,1.0
2017-02-12,,,,,1.0
2017-02-13,,,,,0.8125
2017-02-14,,,,,0.8125
2017-02-15,,,,,
2017-02-16,,,,,0.8125
2017-02-17,,,,,0.8125
2017-02-18,,,,,0.8125
2017-02-19,,,,,0.8125
2017-02-20,,,,,0.8125
2017-02-21,,,,,0.9375
2017-02-22,,,,,
2017-02-23,,,,,0.9375
2017-02-24,,,,,0.9375
2017-02-25,,,,,0.9375
2017-02-26,,,,,0.9375
2017-02-27,,,,,1.0
2017-02-28,,,,,0.9375
2017-03-01,,,,,0.8125
2017-03-02,,,,,0.8125
2017-03-03,,,,,0.8125
2017-03-04,,,,,0.8125
2017-03-05,,,,,0.8125
2017-03-06,,,,,0.8125
2017-03-07,,,,,0.8125
2017-03-08,,,,,0.8125
2017-03-09,,,,,0.8125
2017-03-10,,,,,0.8125
2017-03-11,,,,,0.8125
2017-03-12,,,,,0.8125
2017-03-13,,,,,0.8125
2017-03-14,,,,,0.8125
2017-03-15,,,,,0.8125
2017-03-16,,,,,0.8125
2017-03-17,,,,,0.8125
2017-03-18,,,,,0.8125
2017-03-19,,,,,0.8125
2017-03-20,,,,,0.8125
2017-03-21,,,,,0.8125
2017-03-22,,,,,0.8125
2017-03-23,,,,,0.8125
2017-03-24,,,,,0.8125
2017-03-25,,,,,0.8125
2017-03-26,,,,,0.8125
2017-03-27,,,,,0.8125
2017-03-28,,,,,0.8125
2017-03-29,,,,,0.8125
2017-03-30,,,,,0.8125
2017-03-31,,,,,0.8125
2017-04-01,,,,,0.8125
2017-04-02,,,,,0.8125
2017-04-03,,,,,0.8125
2017-04-04,,,,,0.8125
2017-04-05,,,,,0.8125
2017-04-06,,,,,0.8125
2017-04-07,,,,,0.8125
2017-04-08,,,,,0.8125
2017-04-09,,,,,0.8125
2017-04-10,,,,,0.375
2017-04-11,,,,,0.1875
2017-04-12,,,,,0.1875
2017-04-13,,,,,0.25
2017-04-14,,,,,0.8125
2017-04-15,,,,,0.8125
2017-04-16,,,,,0.8125
2017-04-17,,,,,0.8125
2017-04-18,,,,,0.8125
2017-04-19,,,,,0.8125
2017-04-20,,,,,0.8125
2017-04-21,,,,,0.8125
2017-04-22,,,,,0.8125
2017-04-23,,,,,0.8125
2017-04-24,,,,,0.8125
2017-04-25,,,,,0.4375
2017-04-26,,,,,0.3125
2017-04-27,,,,,0.0
2017-04-28,,,,,0.0
2017-04-29,,,,,0.0
2017-04-30,,,,,0.0
2017-05-01,,,,,0.0
2017-05-02,,,,,0.0
2017-05-03,0.1966318,,,,0.0
2017-05-04,0.16204037,,,,0.0
2017-05-05,0.26673502,,,,0.0
2017-05-06,0.31601664,,,,0.0
2017-05-07,0.281317,,,,0.0
2017-05-08,0.23973455,,,,0.0
2017-05-09,0.20599869,,,,0.0
2017-05-10,0.18182932,,,,0.0
2017-05-11,0.17591058,,,,0.0
2017-05-12,0.15434276,,,,0.0
2017-05-13,0.22756267,,,,0.0
2017-05-14,0.23235895,,,,0.0
2017-05-15,0.2363775,,,,0.0
2017-05-16,0.216872,,,,0.0
2017-05-17,0.2911386,,,,0.0
2017-05-18,0.2866232,,,,0.0
2017-05-19,0.3840384,,,,0.0
2017-05-20,0.3752408,,,,0.0
2017-05-21,0.40003735,,,,0.0
2017-05-22,0.49083745,,,,0.0
2017-05-23,0.49713594,,,,0.0
2017-05-24,0.4123282,,,,0.0
2017-05-25,0.49215636,,,,0.0
2017-05-26,0.471996,,,,0.0
2017-05-27,0.4023317,,,,0.0
2017-05-28,0.42720407,,,,0.0
2017-05-29,0.40407592,,,,0.0
2017-05-30,0.42843938,,,,0.0
2017-05-31,0.4134657,,,,0.0
2017-06-01,0.32964325,,,,0.0
2017-06-02,0.3422586,,,,0.0
2017-06-03,0.39452392,,,,0.0
2017-06-04,0.37839243,,,,0.0
2017-06-05,0.3439866,,,,0.0
2017-06-06,0.3472186,,,,0.0
2017-06-07,0.32931384,,,,0.0
2017-06-08,0.39406964,,,,0.0
2017-06-09,0.3852494,,,,0.0
2017-06-10,0.3514667,,,,0.0
2017-06-11,0.38864297,,,,0.0
2017-06-12,0.3469685,,,,0.0
2017-06-13,0.4023243,,,,0.0
2017-06-14,0.4029107,,,,0.0
2017-06-15,0.39395905,,,,0.0
2017-06-16,0.39990377,,,,0.0
2017-06-17,0.39240247,,,,0.0
2017-06-18,0.4017529,,,,0.0
2017-06-19,0.43884355,,,,0.0
2017-06-20,0.37725848,,,,0.0
2017-06-21,0.34560102,,,,0.0
2017-06-22,0.44523594,,,,0.0
2017-06-23,0.3423299,,,,0.0
2017-06-24,0.39432675,,,,0.0
2017-06-25,0.49917853,,,,0.0
2017-06-26,0.35768202,,,,0.0
2017-06-27,0.468502,,,,0.0
2017-06-28,0.38561413,,,,0.0
2017-06-29,0.35005495,,,,0.0
2017-06-30,0.3512311,,,,0.0
2017-07-01,0.40595526,,,,0.0
2017-07-02,0.35984766,,,,0.0
2017-07-03,,,,,0.0
2017-07-04,,,,,0.0
2017-07-05,0.41613424,,,,0.0
2017-07-06,0.43175504,,,,0.0
2017-07-07,0.39808103,,,,0.0
2017-07-08,0.40967295,,,,0.0
2017-07-09,0.40200847,,,,0.0
2017-07-10,0.37927625,,,,0.0
2017-07-11,0.37632477,,,,0.0
2017-07-12,0.3798454,,,,0.0
2017-07-13,,,,,0.0
2017-07-14,0.40880984,,,,0.0
2017-07-15,0.42960525,,,,0.0
2017-07-16,0.3948211,,,,0.0
2017-07-17,0.47762167,,,,0.0
2017-07-18,0.44614342,,,,0.0
2017-07-19,0.44287816,,,,0.0
2017-07-20,0.438831,,,,0.0
2017-07-21,0.38207588,,,,0.0
2017-07-22,0.36250806,,,,0.0
2017-07-23,0.39832708,,,,0.0
2017-07-24,0.35353997,,,,0.0
2017-07-25,0.3830881,,,,0.0
2017-07-26,0.40299633,,,,0.0
2017-07-27,0.39083314,,,,0.0
2017-07-28,0.41810423,,,,0.0
2017-07-29,,,,,0.0
2017-07-30,0.41554242,,,,0.0
2017-07-31,0.4265212,,,,0.0
2017-08-01,0.37125456,,,,0.0
2017-08-02,0.4439767,,,,0.0
2017-08-03,0.44975558,,,,0.0
2017-08-04,0.42100915,,,,0.0
2017-08-05,0.45639792,,,,0.0
2017-08-06,0.40126723,,,,0.0
2017-08-07,0.3939253,,,,0.0
2017-08-08,0.40558368,,,,0.0
2017-08-09,0.42172724,,,,0.0
2017-08-10,0.49436405,,,,0.0
2017-08-11,0.42354697,,,,0.0
2017-08-12,0.40098515,,,,0.0
2017-08-13,0.44178465,,,,0.0
2017-08-14,0.39121833,,,,0.0
2017-08-15,0.39980745,,,,0.0
2017-08-16,0.37886646,,,,0.0
2017-08-17,0.40575317,,,,0.0
2017-08-18,0.38708305,,,,0.0
2017-08-19,0.39083683,,,,0.0
2017-08-20,0.4284761,,,,0.0
2017-08-21,0.47300586,,,,0.0
2017-08-22,0.43184134,,,,0.0
2017-08-23,0.40816954,,,,0.0
2017-08-24,0.39677218,,,,0.0
2017-08-25,0.39250576,,,,0.0
2017-08-26,0.41027784,,,,0.0
2017-08-27,0.4267954,,,,0.0
2017-08-28,0.39531434,,,,0.0
2017-08-29,0.33783013,,,,0.0
2017-08-30,0.46664223,,,,0.0
2017-08-31,0.41393343,,,,0.0
2017-09-01,0.4431367,,,,0.0
2017-09-02,0.43148217,,,,0.0
2017-09-03,0.4537901,,,,0.0
2017-09-04,0.4409987,,,,0.0
2017-09-05,0.39940557,,,,0.0
2017-09-06,0.41426915,,,,0.0
2017-09-07,0.37706307,,,,0.0
2017-09-08,0.44181296,,,,0.0
2017-09-09,0.49619436,,,,0.0
2017-09-10,,,,,0.0
2017-09-11,0.48093966,,,,0.0
2017-09-12,,,,,0.0
2017-09-13,0.48757264,,,,0.0
2017-09-14,0.49929768,,,,0.0
2017-09-15,0.38831797,,,,0.0
2017-09-16,0.49931967,,,,0.0
2017-09-17,0.4393644,,,,0.0
2017-09-18,0.4289459,,,,0.0
2017-09-19,0.43553588,,,,0.0
2017-09-20,0.4533522,,,,0.0
2017-09-21,0.42308372,,,,0.0
2017-09-22,0.43879503,,,,0.0
2017-09-23,0.4196874,,,,0.0
2017-09-24,0.41739374,,,,0.0
2017-09-25,0.4123909,,,,0.0
2017-09-26,0.46451208,,,,0.0
2017-09-27,0.4445031,,,,0.0
2017-09-28,0.47676453,,,,0.0
2017-09-29,0.43639114,,,,0.0
2017-09-30,0.42309698,,,,0.0
2017-10-01,0.40613475,,,,0.0
2017-10-02,0.4097394,,,,0.0
2017-10-03,,,,,0.0
2017-10-04,0.4980216,,,,0.0
2017-10-05,,,,,0.0
2017-10-06,,,,,0.0
2017-10-07,,,,,0.0
2017-10-08,0.45780057,,,,0.0
2017-10-09,0.48049664,,,,0.0
2017-10-10,0.46190554,,,,0.0
2017-10-11,0.4619403,,,,0.0
2017-10-12,0.46934608,,,,0.0
2017-10-13,0.47140688,,,,0.0
2017-10-14,,,,,0.0
2017-10-15,0.49026585,,,,0.0
2017-10-16,,,,,0.0
2017-10-17,,,,,0.0
2017-10-18,0.39595455,,,,0.0
2017-10-19,0.45073575,,,,0.0
2017-10-20,0.34906608,,,,0.0
2017-10-21,0.26816127,,,,0.0
2017-10-22,0.2715662,,,,0.0
2017-10-23,0.27926096,,,,0.0
2017-10-24,0.23603415,,,,0.0
2017-10-25,0.35593566,,,,0.0
2017-10-26,,,,,0.0
2017-10-27,,,,,0.0
2017-10-28,0.3753225,,,,0.0
2017-10-29,0.26955917,,,,0.0
2017-10-30,0.27663425,,,,0.3125
2017-10-31,,,,,0.625
2017-11-01,,,,,0.625
2017-11-02,0.34901866,,,,0.0
2017-11-03,,,,,0.625
2017-11-04,0.24820252,,,,0.375
2017-11-05,,,,,0.625
2017-11-06,0.38199487,,,,0.0
2017-11-07,,,,,0.625
2017-11-08,,,,,0.8125
2017-11-09,,,,,0.375
2017-11-10,,,,,0.0
2017-11-11,,,,,0.8125
2017-11-12,,,,,0.5625
2017-11-13,,,,,0.8125
2017-11-14,,,,,0.8125
2017-11-15,,,,,0.8125
2017-11-16,,,,,0.8125
2017-11-17,,,,,0.5625
2017-11-18,,,,,0.8125
2017-11-19,,,,,0.8125
2017-11-20,,,,,0.8125
2017-11-21,,,,,0.875
2017-11-22,,,,,0.8125
2017-11-23,,,,,0.8125
2017-11-24,,,,,0.8125
2017-11-25,,,,,0.8125
2017-11-26,,,,,0.8125
2017-11-27,,,,,0.8125
2017-11-28,,,,,0.8125
2017-11-29,,,,,0.9375
2017-11-30,,,,,0.875
2017-12-01,,,,,0.8125
2017-12-02,,,,,0.8125
2017-12-03,,,,,0.8125
2017-12-04,,,,,0.8125
2017-12-05,,,,,0.8125
2017-12-06,,,,,0.8125
2017-12-07,,,,,0.8125
2017-12-08,,,,,0.8125
2017-12-09,,,,,0.8125
2017-12-10,,,,,0.8125
2017-12-11,,,,,0.8125
2017-12-12,,,,,0.1875
2017-12-13,,,,,0.0625
2017-12-14,,,,,0.75
2017-12-15,,,,,0.8125
2017-12-16,,,,,0.8125
2017-12-17,,,,,0.8125
2017-12-18,,,,,0.8125
2017-12-19,,,,,0.8125
2017-12-20,,,,,0.8125
2017-12-21,,,,,0.8125
2017-12-22,,,,,0.1875
2017-12-23,,,,,0.8125
2017-12-24,,,,,0.8125
2017-12-25,,,,,0.625
2017-12-26,,,,,0.8125
2017-12-27,,,,,0.8125
2017-12-28,,,,,0.8125
2017-12-29,,,,,0.8125
2017-12-30,,,,,0.8125
2017-12-31,,,,,0.8125
2018-01-01,,,,,0.8125
2018-01-02,,,,,0.8125
2018-01-03,,,,,0.8125
2018-01-04,,,,,0.8125
2018-01-05,,,,,0.8125
2018-01-06,,,,,0.8125
2018-01-07,,,,,0.8125
2018-01-08,,,,,0.8125
2018-01-09,,,,,0.8125
2018-01-10,,,,,0.8125
2018-01-11,,,,,0.8125
2018-01-12,,,,,0.8125
2018-01-13,,,,,0.8125
2018-01-14,,,,,0.8125
2018-01-15,,,,,0.8125
2018-01-16,,,,,0.8125
2018-01-17,,,,,0.8125
2018-01-18,,,,,0.8125
2018-01-19,,,,,0.8125
2018-01-20,,,,,0.8125
2018-01-21,,,,,0.8125
2018-01-22,,,,,0.8125
2018-01-23,,,,,0.8125
2018-01-24,,,,,0.8125
2018-01-25,,,,,0.8125
2018-01-26,,,,,0.8125
2018-01-27,,,,,0.8125
2018-01-28,,,,,0.5625
2018-01-29,,,,,0.8125
2018-01-30,,,,,0.8125
2018-01-31,,,,,0.8125
2018-02-01,,,,,0.8125
2018-02-02,,,,,0.8125
2018-02-03,,,,,0.8125
2018-02-04,,,,,0.8125
2018-02-05,,,,,0.8125
2018-02-06,,,,,0.8125
2018-02-07,,,,,0.8125
2018-02-08,,,,,0.8125
2018-02-09,,,,,0.8125
2018-02-10,,,,,0.8125
2018-02-11,,,,,0.8125
2018-02-12,,,,,0.8125
2018-02-13,,,,,0.8125
2018-02-14,,,,,0.8125
2018-02-15,,,,,0.8125
2018-02-16,,,,,0.8125
2018-02-17,,,,,0.8125
2018-02-18,,,,,0.5
2018-02-19,,,,,0.8125
2018-02-20,,,,,0.0
2018-02-21,,,,,0.8125
2018-02-22,,,,,0.8125
2018-02-23,,,,,0.8125
2018-02-24,,,,,0.8125
2018-02-25,,,,,0.8125
2018-02-26,,,,,0.8125
2018-02-27,,,,,0.8125
2018-02-28,,,,,0.8125
2018-03-01,,,,,0.8125
2018-03-02,,,,,0.8125
2018-03-03,,,,,0.8125
2018-03-04,,,,,0.8125
2018-03-05,,,,,0.8125
2018-03-06,,,,,0.8125
2018-03-07,,,,,0.8125
2018-03-08,,,,,0.8125
2018-03-09,,,,,0.8125
2018-03-10,,,,,0.8125
2018-03-11,,,,,0.8125
2018-03-12,,,,,0.8125
2018-03-13,,,,,0.8125
2018-03-14,,,,,0.8125
2018-03-15,,,,,0.8125
2018-03-16,,,,,0.8125
2018-03-17,,,,,0.8125
2018-03-18,,,,,0.8125
2018-03-19,,,,,0.8125
2018-03-20,,,,,0.8125
2018-03-21,,,,,0.8125
2018-03-22,,,,,0.8125
2018-03-23,,,,,0.8125
2018-03-24,,,,,0.8125
2018-03-25,,,,,0.8125
2018-03-26,,,,,0.8125
2018-03-27,,,,,0.8125
2018-03-28,,,,,0.8125
2018-03-29,,,,,0.8125
2018-03-30,,,,,0.8125
2018-03-31,,,,,0.8125
2018-04-01,,,,,0.8125
2018-04-02,,,,,0.8125
2018-04-03,,,,,0.8125
2018-04-04,,,,,0.8125
2018-04-05,,,,,0.8125
2018-04-06,,,,,0.8125
2018-04-07,,,,,0.8125
2018-04-08,,,,,0.8125
2018-04-09,,,,,0.8125
2018-04-10,,,,,0.8125
2018-04-11,,,,,0.8125
2018-04-12,,,,,0.8125
2018-04-13,,,,,0.8125
2018-04-14,,,,,0.8125
2018-04-15,,,,,0.8125
2018-04-16,,,,,0.5625
2018-04-17,,,,,0.375
2018-04-18,,,,,0.1875
2018-04-19,,,,,0.8125
2018-04-20,,,,,0.8125
2018-04-21,,,,,0.8125
2018-04-22,,,,,0.8125
2018-04-23,,,,,0.8125
2018-04-24,,,,,0.8125
2018-04-25,,,,,0.8125
2018-04-26,,,,,0.5625
2018-04-27,,,,,0.4375
2018-04-28,,,,,0.25
2018-04-29,,,,,0.1875
2018-04-30,,,,,0.0
2018-05-01,,,,,0.0
2018-05-02,,,,,0.0
2018-05-03,,,,,0.0
2018-05-04,,,,,0.0
2018-05-05,,,,,0.0
2018-05-06,,,,,0.0
2018-05-07,0.4862528,,,,0.0
2018-05-08,0.4412409,,,,0.0
2018-05-09,0.4673902,,,,0.0
2018-05-10,,,,,0.0
2018-05-11,,,,,0.0
2018-05-12,,,,,0.0
2018-05-13,,,,,0.0
2018-05-14,0.4972764,,,,0.0
2018-05-15,,,,,0.0
2018-05-16,0.46090567,,,,0.0
2018-05-17,0.4827209,,,,0.0
2018-05-18,0.47124603,,,,0.0
2018-05-19,0.39945328,,,,0.0
2018-05-20,0.43375832,,,,0.0
2018-05-21,0.44110453,,,,0.0
2018-05-22,0.45781955,,,,0.0
2018-05-23,0.45693937,,,,0.0
2018-05-24,0.4296918,,,,0.0
2018-05-25,0.43197706,,,,0.0
2018-05-26,0.47156802,,,,0.0
2018-05-27,0.41804916,,,,0.0
2018-05-28,0.39263728,,,,0.0
2018-05-29,0.4083794,,,,0.0
2018-05-30,0.41473296,,,,0.0
2018-05-31,0.3934085,,,,0.0
2018-06-01,0.41449776,,,,0.0
2018-06-02,0.43998653,,,,0.0
2018-06-03,0.4366597,,,,0.0
2018-06-04,0.3890065,,,,0.0
2018-06-05,0.36598706,,,,0.0
2018-06-06,0.33006254,,,,0.0
2018-06-07,0.3018973,,,,0.0
2018-06-08,0.36374676,,,,0.0
2018-06-09,0.33610362,,,,0.0
2018-06-10,0.3761875,,,,0.0
2018-06-11,0.39296702,,,,0.0
2018-06-12,0.36178422,,,,0.0
2018-06-13,0.30580628,,,,0.0
2018-06-14,0.3111035,,,,0.0
2018-06-15,0.30907023,,,,0.0
2018-06-16,0.34220827,,,,0.0
2018-06-17,0.3437209,,,,0.0
2018-06-18,0.41508022,,,,0.0
2018-06-19,0.3834783,,,,0.0
2018-06-20,0.44618464,,,,0.0
2018-06-21,0.40739864,,,,0.0
2018-06-22,0.39658028,,,,0.0
2018-06-23,0.43201843,,,,0.0
2018-06-24,0.46116346,,,,0.0
2018-06-25,0.3827166,,,,0.0
2018-06-26,0.43664762,,,,0.0
2018-06-27,0.4035527,,,,0.0
2018-06-28,0.37623367,,,,0.0
2018-06-29,0.43423206,,,,0.0
2018-06-30,0.3397791,,,,0.0
2018-07-01,0.3682711,,,,0.0
2018-07-02,0.47529128,,,,0.0
2018-07-03,0.34685498,,,,0.0
2018-07-04,0.38974452,,,,0.0
2018-07-05,0.33996382,,,,0.0
2018-07-06,0.36610377,,,,0.0
2018-07-07,0.35261112,,,,0.0
2018-07-08,0.38168377,,,,0.0
2018-07-09,0.33167782,,,,0.0
2018-07-10,0.38801843,,,,0.0
2018-07-11,0.40366977,,,,0.0
2018-07-12,0.38390046,,,,0.0
2018-07-13,0.37677583,,,,0.0
2018-07-14,0.4016029,,,,0.0
2018-07-15,0.38203406,,,,0.0
2018-07-16,0.3544249,,,,0.0
2018-07-17,0.3649531,,,,0.0
2018-07-18,0.39865348,,,,0.0
2018-07-19,0.38232335,,,,0.0
2018-07-20,0.37903538,,,,0.0
2018-07-21,0.3877383,,,,0.0
2018-07-22,0.36407796,,,,0.0
2018-07-23,0.4551888,,,,0.0
2018-07-24,0.40191612,,,,0.0
2018-07-25,0.36581904,,,,0.0
2018-07-26,0.4632968,,,,0.0
2018-07-27,0.39467323,,,,0.0
2018-07-28,0.3707624,,,,0.0
2018-07-29,0.37818277,,,,0.0
2018-07-30,,,,,0.0
2018-07-31,0.45078376,,,,0.0
2018-08-01,0.3905809,,,,0.0
2018-08-02,0.39356837,,,,0.0
2018-08-03,0.41507766,,,,0.0
2018-08-04,0.42429233,,,,0.0
2018-08-05,0.433722,,,,0.0
2018-08-06,0.49276716,,,,0.0
2018-08-07,0.3924196,,,,0.0
2018-08-08,0.36610553,,,,0.0
2018-08-09,0.35895738,,,,0.0
2018-08-10,0.36942577,,,,0.0
2018-08-11,0.42832372,,,,0.0
2018-08-12,0.3790336,,,,0.0
2018-08-13,0.34358773,,,,0.0
2018-08-14,0.34715706,,,,0.0
2018-08-15,0.32818875,,,,0.0
2018-08-16,0.35196856,,,,0.0
2018-08-17,0.32566985,,,,0.0
2018-08-18,0.386071,,,,0.0
2018-08-19,0.40508178,,,,0.0
2018-08-20,0.3863701,,,,0.0
2018-08-21,0.3508291,,,,0.0
2018-08-22,0.34190312,,,,0.0
2018-08-23,0.37434426,,,,0.0
2018-08-24,0.36122867,,,,0.0
2018-08-25,0.4147411,,,,0.0
2018-08-26,0.44005403,,,,0.0
2018-08-27,0.4047031,,,,0.0
2018-08-28,0.36512497,,,,0.0
2018-08-29,0.40113223,,,,0.0
2018-08-30,0.3361632,,,,0.0
2018-08-31,0.48120418,,,,0.0
2018-09-01,0.4110065,,,,0.0
2018-09-02,0.36974666,,,,0.0
2018-09-03,0.36979452,,,,0.0
2018-09-04,0.35205314,,,,0.0
2018-09-05,0.38347265,,,,0.0
2018-09-06,0.33373174,,,,0.0
2018-09-07,0.34916437,,,,0.0
2018-09-08,0.3072607,,,,0.0
2018-09-09,0.30413514,,,,0.0
2018-09-10,0.3646966,,,,0.0
2018-09-11,0.40456283,,,,0.0
2018-09-12,0.39593005,,,,0.0
2018-09-13,0.43444794,,,,0.0
2018-09-14,0.38308266,,,,0.0
2018-09-15,0.40144327,,,,0.0
2018-09-16,0.40537578,,,,0.0
2018-09-17,0.3974672,,,,0.0
2018-09-18,0.34855798,,,,0.0
2018-09-19,0.32419997,,,,0.0
2018-09-20,0.45888448,,,,0.0
2018-09-21,0.47046903,,,,0.0
2018-09-22,0.49735975,,,,0.0
2018-09-23,0.4562505,,,,0.0
2018-09-24,0.42335632,,,,0.0
2018-09-25,0.37227574,,,,0.0
2018-09-26,0.36353368,,,,0.0
2018-09-27,0.44808018,,,,0.0
2018-09-28,0.30608264,,,,0.0
2018-09-29,0.27068007,,,,0.0
2018-09-30,0.37314668,,,,0.0
2018-10-01,0.38388747,,,,0.0
2018-10-02,0.41439947,,,,0.0
2018-10-03,0.367202,,,,0.0
2018-10-04,0.27581513,,,,0.0
2018-10-05,0.4358145,,,,0.0
2018-10-06,0.38249344,,,,0.0
2018-10-07,0.30519152,,,,0.0
2018-10-08,0.28593934,,,,0.0
2018-10-09,0.34778127,,,,0.0
2018-10-10,0.3829757,,,,0.0
2018-10-11,0.4199964,,,,0.0
2018-10-12,0.38421395,,,,0.0
2018-10-13,0.35973784,,,,0.0
2018-10-14,0.36743492,,,,0.0
2018-10-15,0.42406547,,,,0.0
2018-10-16,0.45778897,,,,0.0
2018-10-17,0.36479288,,,,0.0
2018-10-18,0.4324883,,,,0.0
2018-10-19,0.38264745,,,,0.0
2018-10-20,0.3773717,,,,0.0
2018-10-21,0.3587938,,,,0.0
2018-10-22,0.42539194,,,,0.0
2018-10-23,0.3463248,,,,0.0
2018-10-24,0.30934745,,,,0.0
2018-10-25,0.29011443,,,,0.0
2018-10-26,0.23661174,,,,0.0
2018-10-27,0.22785616,,,,0.0
2018-10-28,0.26893204,,,,0.0
2018-10-29,,,,,0.8125
2018-10-30,,,,,0.8125
2018-10-31,,,,,0.8125
2018-11-01,0.3430973,,,,0.0
2018-11-02,0.2842901,,,,0.1875
2018-11-03,0.38383898,,,,0.0
2018-11-04,0.2346758,,,,0.375
2018-11-05,0.3256804,,,,0.0
2018-11-06,0.25719047,,,,0.1875
2018-11-07,0.40729973,,,,0.0
2018-11-08,0.37078002,,,,0.0
2018-11-09,0.36307293,,,,0.0
2018-11-10,0.35320836,,,,0.0
2018-11-11,0.35381082,,,,0.0
2018-11-12,0.3644274,,,,0.0
2018-11-13,0.40220508,,,,0.0
2018-11-14,0.355985,,,,0.0
2018-11-15,0.31613785,,,,0.0
2018-11-16,0.32311416,,,,0.0
2018-11-17,0.35520762,,,,0.0
2018-11-18,0.3109022,,,,0.0
2018-11-19,0.28741014,,,,0.0
2018-11-20,0.22376908,,,,0.0
2018-11-21,,,,,0.8125
2018-11-22,,,,,0.8125
2018-11-23,,,,,0.8125
2018-11-24,,,,,0.8125
2018-11-25,,,,,0.8125
2018-11-26,,,,,0.8125
2018-11-27,,,,,0.8125
2018-11-28,,,,,1.0
2018-11-29,,,,,1.0
2018-11-30,,,,,0.8125
2018-12-01,,,,,0.8125
2018-12-02,,,,,0.0
2018-12-03,,,,,0.0
2018-12-04,,,,,0.0
2018-12-05,,,,,0.125
2018-12-06,,,,,0.3125
2018-12-07,,,,,0.8125
2018-12-08,,,,,0.8125
2018-12-09,,,,,0.8125
2018-12-10,,,,,0.8125
2018-12-11,,,,,0.8125
2018-12-12,,,,,0.0625
2018-12-13,,,,,0.8125
2018-12-14,,,,,0.8125
2018-12-15,,,,,0.8125
2018-12-16,,,,,0.8125
2018-12-17,,,,,0.8125
2018-12-18,,,,,0.8125
2018-12-19,,,,,0.8125
2018-12-20,,,,,0.8125
2018-12-21,,,,,0.8125
2018-12-22,,,,,0.8125
2018-12-23,,,,,0.8125
2018-12-24,,,,,0.8125
2018-12-25,,,,,0.8125
2018-12-26,,,,,0.8125
2018-12-27,,,,,0.8125
2018-12-28,,,,,0.8125
2018-12-29,,,,,0.8125
2018-12-30,,,,,0.8125
2018-12-31,,,,,0.8125
