time,sm
2015-04-01,70.61429
2015-04-02,60.416492
2015-04-03,
2015-04-04,
2015-04-05,
2015-04-06,
2015-04-07,
2015-04-08,
2015-04-09,
2015-04-10,59.657562
2015-04-11,
2015-04-12,64.65517
2015-04-13,72.89348
2015-04-14,
2015-04-15,85.86776
2015-04-16,88.20345
2015-04-17,70.37736
2015-04-18,
2015-04-19,64.623245
2015-04-20,71.11183
2015-04-21,62.900898
2015-04-22,
2015-04-23,65.092155
2015-04-24,63.779613
2015-04-25,62.875885
2015-04-26,64.67538
2015-04-27,
2015-04-28,52.4386
2015-04-29,59.67407
2015-04-30,57.82451
2015-05-01,61.359657
2015-05-02,65.59748
2015-05-03,58.767426
2015-05-04,63.62223
2015-05-05,88.12218
2015-05-06,91.50464
2015-05-07,78.50505
2015-05-08,69.57893
2015-05-09,55.92711
2015-05-10,89.94538
2015-05-11,60.803276
2015-05-12,64.21647
2015-05-13,90.61719
2015-05-14,84.85475
2015-05-15,66.693504
2015-05-16,59.90979
2015-05-17,78.70205
2015-05-18,67.0225
2015-05-19,65.680046
2015-05-20,64.50326
2015-05-21,64.64374
2015-05-22,57.355778
2015-05-23,66.08636
2015-05-24,60.265644
2015-05-25,67.9973
2015-05-26,55.550636
2015-05-27,67.37796
2015-05-28,63.57097
2015-05-29,74.88634
2015-05-30,66.096054
2015-05-31,62.80261
2015-06-01,65.65144
2015-06-02,68.20712
2015-06-03,97.79486
2015-06-04,68.60485
2015-06-05,59.74947
2015-06-06,73.282646
2015-06-07,62.63694
2015-06-08,68.69246
2015-06-09,66.178
2015-06-10,62.85025
2015-06-11,
2015-06-12,
2015-06-13,
2015-06-14,86.29096
2015-06-15,58.747692
2015-06-16,
2015-06-17,
2015-06-18,
2015-06-19,82.87469
2015-06-20,70.439766
2015-06-21,
2015-06-22,
2015-06-23,83.00224
2015-06-24,94.79211
2015-06-25,68.78826
2015-06-26,
2015-06-27,
2015-06-28,69.34244
2015-06-29,68.44733
2015-06-30,67.143135
2015-07-01,76.080826
2015-07-02,80.56978
2015-07-03,73.22518
2015-07-04,76.36637
2015-07-05,76.466194
2015-07-06,84.35823
2015-07-07,75.841576
2015-07-08,66.71894
2015-07-09,99.137474
2015-07-10,81.384445
2015-07-11,75.3258
2015-07-12,71.906296
2015-07-13,75.99053
2015-07-14,73.10764
2015-07-15,69.183876
2015-07-16,69.84721
2015-07-17,61.479866
2015-07-18,67.3655
2015-07-19,65.997955
2015-07-20,64.30614
2015-07-21,63.701862
2015-07-22,76.487915
2015-07-23,61.89816
2015-07-24,60.19833
2015-07-25,58.177017
2015-07-26,100.0
2015-07-27,78.233215
2015-07-28,72.53789
2015-07-29,96.75903
2015-07-30,82.458374
2015-07-31,98.756134
2015-08-01,72.72557
2015-08-02,58.36278
2015-08-03,67.46368
2015-08-04,67.768394
2015-08-05,72.202576
2015-08-06,74.41612
2015-08-07,63.23557
2015-08-08,85.66723
2015-08-09,69.63704
2015-08-10,62.45577
2015-08-11,74.91938
2015-08-12,65.847466
2015-08-13,62.40907
2015-08-14,64.87228
2015-08-15,60.413174
2015-08-16,63.02363
2015-08-17,63.9842
2015-08-18,62.86916
2015-08-19,60.935272
2015-08-20,61.738235
2015-08-21,59.172024
2015-08-22,55.38314
2015-08-23,59.401756
2015-08-24,66.42217
2015-08-25,71.1746
2015-08-26,72.844284
2015-08-27,62.808342
2015-08-28,82.36764
2015-08-29,68.073524
2015-08-30,54.147045
2015-08-31,55.720104
2015-09-01,96.18037
2015-09-02,98.351295
2015-09-03,65.458916
2015-09-04,80.11063
2015-09-05,59.421955
2015-09-06,86.45368
2015-09-07,70.578
2015-09-08,62.25133
2015-09-09,64.14984
2015-09-10,44.85767
2015-09-11,57.052563
2015-09-12,60.991962
2015-09-13,64.40561
2015-09-14,58.130684
2015-09-15,62.733547
2015-09-16,64.81896
2015-09-17,94.0799
2015-09-18,73.99881
2015-09-19,65.806435
2015-09-20,58.678513
2015-09-21,71.48734
2015-09-22,61.869156
2015-09-23,83.465164
2015-09-24,65.81316
2015-09-25,66.58907
2015-09-26,64.53582
2015-09-27,54.8498
2015-09-28,50.424236
2015-09-29,45.285854
2015-09-30,46.93421
2015-10-01,57.97121
2015-10-02,64.6047
2015-10-03,55.920406
2015-10-04,49.071358
2015-10-05,59.036533
2015-10-06,60.982506
2015-10-07,49.720448
2015-10-08,49.915325
2015-10-09,40.297565
2015-10-10,46.461422
2015-10-11,46.270588
2015-10-12,
2015-10-13,40.676483
2015-10-14,48.139606
2015-10-15,
2015-10-16,49.849678
2015-10-17,55.854713
2015-10-18,53.739906
2015-10-19,45.292347
2015-10-20,50.461567
2015-10-21,55.788902
2015-10-22,49.44516
2015-10-23,79.21032
2015-10-24,
2015-10-25,59.326817
2015-10-26,
2015-10-27,
2015-10-28,
2015-10-29,
2015-10-30,
2015-10-31,59.273678
2015-11-01,47.961906
2015-11-02,63.75776
2015-11-03,
2015-11-04,61.71056
2015-11-05,
2015-11-06,78.769035
2015-11-07,75.26558
2015-11-08,88.32683
2015-11-09,69.98197
2015-11-10,93.35233
2015-11-11,76.47659
2015-11-12,71.552185
2015-11-13,72.72333
2015-11-14,77.1404
2015-11-15,71.19977
2015-11-16,
2015-11-17,87.96221
2015-11-18,83.1813
2015-11-19,83.702965
2015-11-20,74.76554
2015-11-21,
2015-11-22,
2015-11-23,
2015-11-24,
2015-11-25,70.770515
2015-11-26,76.52903
2015-11-27,69.39513
2015-11-28,84.57786
2015-11-29,73.86434
2015-11-30,85.22232
2015-12-01,68.42654
2015-12-02,
2015-12-03,80.02163
2015-12-04,76.922806
2015-12-05,75.76007
2015-12-06,94.363434
2015-12-07,92.47838
2015-12-08,
2015-12-09,89.80036
2015-12-10,66.16878
2015-12-11,91.42867
2015-12-12,88.19593
2015-12-13,69.77396
2015-12-14,
2015-12-15,
2015-12-16,
2015-12-17,
2015-12-18,100.0
2015-12-19,88.65133
2015-12-20,
2015-12-21,
2015-12-22,
2015-12-23,
2015-12-24,
2015-12-25,
2015-12-26,
2015-12-27,
2015-12-28,
2015-12-29,
2015-12-30,
2015-12-31,
2016-01-01,
2016-01-02,
2016-01-03,
2016-01-04,
2016-01-05,
2016-01-06,
2016-01-07,
2016-01-08,
2016-01-09,
2016-01-10,
2016-01-11,
2016-01-12,68.73822
2016-01-13,
2016-01-14,
2016-01-15,
2016-01-16,
2016-01-17,
2016-01-18,
2016-01-19,
2016-01-20,
2016-01-21,
2016-01-22,
2016-01-23,
2016-01-24,
2016-01-25,
2016-01-26,
2016-01-27,
2016-01-28,99.997375
2016-01-29,
2016-01-30,
2016-01-31,
2016-02-01,
2016-02-02,
2016-02-03,
2016-02-04,
2016-02-05,
2016-02-06,
2016-02-07,
2016-02-08,
2016-02-09,
2016-02-10,86.27652
2016-02-11,
2016-02-12,
2016-02-13,
2016-02-14,
2016-02-15,
2016-02-16,
2016-02-17,
2016-02-18,
2016-02-19,
2016-02-20,
2016-02-21,
2016-02-22,
2016-02-23,
2016-02-24,
2016-02-25,
2016-02-26,
2016-02-27,
2016-02-28,
2016-02-29,
2016-03-01,
2016-03-02,
2016-03-03,
2016-03-04,
2016-03-05,
2016-03-06,63.26472
2016-03-07,
2016-03-08,69.11962
2016-03-09,
2016-03-10,
2016-03-11,
2016-03-12,
2016-03-13,
2016-03-14,
2016-03-15,64.15572
2016-03-16,
2016-03-17,
2016-03-18,65.52334
2016-03-19,
2016-03-20,
2016-03-21,
2016-03-22,
2016-03-23,
2016-03-24,
2016-03-25,
2016-03-26,83.73883
2016-03-27,74.86903
2016-03-28,66.370224
2016-03-29,65.755104
2016-03-30,
2016-03-31,70.42256
2016-04-01,
2016-04-02,
2016-04-03,63.61797
2016-04-04,63.492977
2016-04-05,75.62574
2016-04-06,68.64331
2016-04-07,74.064995
2016-04-08,80.29476
2016-04-09,64.54462
2016-04-10,
2016-04-11,63.828808
2016-04-12,
2016-04-13,58.353664
2016-04-14,62.67978
2016-04-15,59.82663
2016-04-16,66.72964
2016-04-17,79.61192
2016-04-18,68.36856
2016-04-19,73.52421
2016-04-20,65.76628
2016-04-21,
2016-04-22,66.54762
2016-04-23,
2016-04-24,47.12108
2016-04-25,64.20562
2016-04-26,
2016-04-27,57.42439
2016-04-28,68.351944
2016-04-29,71.219376
2016-04-30,70.156654
2016-05-01,66.990715
2016-05-02,64.367096
2016-05-03,60.754288
2016-05-04,68.9316
2016-05-05,65.51758
2016-05-06,62.37045
2016-05-07,69.342964
2016-05-08,66.542816
2016-05-09,65.72163
2016-05-10,69.82203
2016-05-11,67.29428
2016-05-12,56.288437
2016-05-13,59.2898
2016-05-14,55.698383
2016-05-15,52.363922
2016-05-16,92.26346
2016-05-17,74.59485
2016-05-18,51.77523
2016-05-19,51.91272
2016-05-20,57.029755
2016-05-21,82.10405
2016-05-22,64.224075
2016-05-23,68.90321
2016-05-24,77.69612
2016-05-25,73.34995
2016-05-26,63.299133
2016-05-27,62.345848
2016-05-28,63.71835
2016-05-29,72.63373
2016-05-30,76.462555
2016-05-31,77.51715
2016-06-01,71.197784
2016-06-02,76.69984
2016-06-03,76.04467
2016-06-04,76.12304
2016-06-05,67.90527
2016-06-06,59.424065
2016-06-07,61.41165
2016-06-08,73.26279
2016-06-09,54.595627
2016-06-10,59.063354
2016-06-11,45.921265
2016-06-12,46.67152
2016-06-13,61.903713
2016-06-14,58.55429
2016-06-15,72.36
2016-06-16,63.84021
2016-06-17,76.35173
2016-06-18,74.01818
2016-06-19,68.99544
2016-06-20,59.189705
2016-06-21,64.26019
2016-06-22,64.71068
2016-06-23,87.665115
2016-06-24,72.83947
2016-06-25,72.7868
2016-06-26,88.88997
2016-06-27,69.19636
2016-06-28,69.93797
2016-06-29,58.01567
2016-06-30,70.56992
2016-07-01,88.07878
2016-07-02,87.09982
2016-07-03,75.553505
2016-07-04,77.72333
2016-07-05,65.68411
2016-07-06,74.58985
2016-07-07,96.376495
2016-07-08,70.926476
2016-07-09,65.11995
2016-07-10,58.216187
2016-07-11,85.784966
2016-07-12,73.43784
2016-07-13,77.364204
2016-07-14,60.75787
2016-07-15,61.051773
2016-07-16,84.33031
2016-07-17,72.208694
2016-07-18,63.01279
2016-07-19,59.634758
2016-07-20,63.421146
2016-07-21,74.161285
2016-07-22,72.34245
2016-07-23,68.1789
2016-07-24,67.694824
2016-07-25,70.279305
2016-07-26,63.34991
2016-07-27,66.22271
2016-07-28,63.602806
2016-07-29,56.02799
2016-07-30,63.128117
2016-07-31,66.71439
2016-08-01,69.82874
2016-08-02,71.11987
2016-08-03,54.055733
2016-08-04,100.0
2016-08-05,80.67529
2016-08-06,66.66453
2016-08-07,64.88678
2016-08-08,69.428406
2016-08-09,67.76241
2016-08-10,59.852745
2016-08-11,59.12256
2016-08-12,70.70276
2016-08-13,98.420654
2016-08-14,93.3885
2016-08-15,74.67347
2016-08-16,62.038067
2016-08-17,58.4421
2016-08-18,77.67327
2016-08-19,65.720146
2016-08-20,66.85094
2016-08-21,70.2159
2016-08-22,62.085365
2016-08-23,62.55979
2016-08-24,64.68207
2016-08-25,68.92773
2016-08-26,65.19072
2016-08-27,69.6859
2016-08-28,54.397224
2016-08-29,81.663826
2016-08-30,70.56526
2016-08-31,64.92976
2016-09-01,60.84128
2016-09-02,56.73566
2016-09-03,61.970196
2016-09-04,64.404045
2016-09-05,52.279907
2016-09-06,49.64001
2016-09-07,56.763004
2016-09-08,66.4801
2016-09-09,63.23077
2016-09-10,56.766006
2016-09-11,57.425564
2016-09-12,43.37413
2016-09-13,52.921425
2016-09-14,68.6707
2016-09-15,58.960415
2016-09-16,63.957535
2016-09-17,52.231384
2016-09-18,53.270077
2016-09-19,50.36703
2016-09-20,44.956837
2016-09-21,47.363018
2016-09-22,37.29891
2016-09-23,56.64314
2016-09-24,53.266186
2016-09-25,51.580597
2016-09-26,56.352077
2016-09-27,45.25644
2016-09-28,58.79399
2016-09-29,73.044464
2016-09-30,73.59391
2016-10-01,70.43791
2016-10-02,59.912334
2016-10-03,75.05682
2016-10-04,47.048122
2016-10-05,47.245514
2016-10-06,47.2609
2016-10-07,50.14437
2016-10-08,63.642864
2016-10-09,43.19512
2016-10-10,68.700874
2016-10-11,56.61308
2016-10-12,55.966206
2016-10-13,53.481014
2016-10-14,
2016-10-15,47.54945
2016-10-16,
2016-10-17,55.43841
2016-10-18,56.028698
2016-10-19,74.64338
2016-10-20,67.16799
2016-10-21,78.132805
2016-10-22,74.69492
2016-10-23,82.621544
2016-10-24,77.04054
2016-10-25,85.45845
2016-10-26,66.865364
2016-10-27,68.72164
2016-10-28,77.15668
2016-10-29,70.344246
2016-10-30,
2016-10-31,56.68594
2016-11-01,73.84717
2016-11-02,68.16728
2016-11-03,
2016-11-04,
2016-11-05,88.3598
2016-11-06,90.571884
2016-11-07,
2016-11-08,
2016-11-09,
2016-11-10,
2016-11-11,
2016-11-12,
2016-11-13,
2016-11-14,
2016-11-15,78.60554
2016-11-16,87.369255
2016-11-17,88.22523
2016-11-18,77.346535
2016-11-19,82.956795
2016-11-20,75.17919
2016-11-21,84.45216
2016-11-22,71.50689
2016-11-23,74.71339
2016-11-24,74.86199
2016-11-25,
2016-11-26,72.83403
2016-11-27,59.215363
2016-11-28,
2016-11-29,
2016-11-30,65.861206
2016-12-01,
2016-12-02,67.46291
2016-12-03,
2016-12-04,
2016-12-05,74.40149
2016-12-06,60.057228
2016-12-07,
2016-12-08,85.652435
2016-12-09,71.18458
2016-12-10,72.50595
2016-12-11,79.88137
2016-12-12,72.544075
2016-12-13,
2016-12-14,84.30125
2016-12-15,
2016-12-16,
2016-12-17,
2016-12-18,
2016-12-19,84.3744
2016-12-20,
2016-12-21,
2016-12-22,
2016-12-23,
2016-12-24,
2016-12-25,69.69518
2016-12-26,
2016-12-27,
2016-12-28,
2016-12-29,
2016-12-30,
2016-12-31,
2017-01-01,
2017-01-02,
2017-01-03,
2017-01-04,
2017-01-05,
2017-01-06,
2017-01-07,
2017-01-08,
2017-01-09,
2017-01-10,81.162384
2017-01-11,
2017-01-12,80.26128
2017-01-13,
2017-01-14,
2017-01-15,
2017-01-16,
2017-01-17,
2017-01-18,
2017-01-19,82.97787
2017-01-20,
2017-01-21,
2017-01-22,
2017-01-23,79.2768
2017-01-24,
2017-01-25,
2017-01-26,
2017-01-27,
2017-01-28,
2017-01-29,
2017-01-30,
2017-01-31,
2017-02-01,
2017-02-02,
2017-02-03,
2017-02-04,
2017-02-05,
2017-02-06,
2017-02-07,
2017-02-08,
2017-02-09,
2017-02-10,
2017-02-11,
2017-02-12,
2017-02-13,
2017-02-14,
2017-02-15,
2017-02-16,
2017-02-17,72.972694
2017-02-18,
2017-02-19,
2017-02-20,91.28364
2017-02-21,95.63135
2017-02-22,
2017-02-23,
2017-02-24,
2017-02-25,
2017-02-26,
2017-02-27,
2017-02-28,
2017-03-01,
2017-03-02,
2017-03-03,
2017-03-04,
2017-03-05,
2017-03-06,
2017-03-07,
2017-03-08,
2017-03-09,
2017-03-10,80.660484
2017-03-11,
2017-03-12,
2017-03-13,
2017-03-14,63.771168
2017-03-15,82.575195
2017-03-16,70.73116
2017-03-17,
2017-03-18,60.211166
2017-03-19,
2017-03-20,
2017-03-21,68.48932
2017-03-22,73.13217
2017-03-23,
2017-03-24,
2017-03-25,64.45884
2017-03-26,
2017-03-27,61.621586
2017-03-28,62.001095
2017-03-29,
2017-03-30,
2017-03-31,96.14888
2017-04-01,75.631805
2017-04-02,68.05059
2017-04-03,62.066994
2017-04-04,61.503284
2017-04-05,63.38209
2017-04-06,66.12207
2017-04-07,65.6036
2017-04-08,60.124805
2017-04-09,70.07022
2017-04-10,
2017-04-11,61.44302
2017-04-12,
2017-04-13,62.51021
2017-04-14,85.88958
2017-04-15,
2017-04-16,
2017-04-17,
2017-04-18,
2017-04-19,
2017-04-20,
2017-04-21,61.234634
2017-04-22,60.293507
2017-04-23,
2017-04-24,55.87434
2017-04-25,65.10061
2017-04-26,73.50596
2017-04-27,
2017-04-28,54.412724
2017-04-29,60.384903
2017-04-30,
2017-05-01,51.308594
2017-05-02,
2017-05-03,59.452133
2017-05-04,61.92288
2017-05-05,57.67082
2017-05-06,57.803757
2017-05-07,66.158424
2017-05-08,86.64209
2017-05-09,43.41953
2017-05-10,46.283733
2017-05-11,47.730476
2017-05-12,52.386906
2017-05-13,58.099277
2017-05-14,63.43607
2017-05-15,64.29554
2017-05-16,65.44871
2017-05-17,58.588318
2017-05-18,72.58551
2017-05-19,73.01593
2017-05-20,68.0035
2017-05-21,60.985485
2017-05-22,60.343216
2017-05-23,58.59451
2017-05-24,57.07796
2017-05-25,61.78848
2017-05-26,59.307846
2017-05-27,69.39919
2017-05-28,74.2691
2017-05-29,
2017-05-30,63.640972
2017-05-31,63.814915
2017-06-01,70.08895
2017-06-02,63.839622
2017-06-03,56.525154
2017-06-04,63.876408
2017-06-05,80.63784
2017-06-06,68.42077
2017-06-07,71.76305
2017-06-08,77.03732
2017-06-09,73.080986
2017-06-10,87.25544
2017-06-11,77.18862
2017-06-12,97.724434
2017-06-13,92.02582
2017-06-14,97.170334
2017-06-15,81.74482
2017-06-16,79.6987
2017-06-17,95.47589
2017-06-18,80.29425
2017-06-19,81.32879
2017-06-20,80.502464
2017-06-21,69.9117
2017-06-22,72.82481
2017-06-23,69.989555
2017-06-24,99.81943
2017-06-25,76.0546
2017-06-26,76.63024
2017-06-27,69.253746
2017-06-28,63.396706
2017-06-29,66.058266
2017-06-30,73.17351
2017-07-01,99.25684
2017-07-02,73.11731
2017-07-03,66.629005
2017-07-04,73.85474
2017-07-05,68.70177
2017-07-06,81.56183
2017-07-07,70.80626
2017-07-08,73.607056
2017-07-09,74.23543
2017-07-10,65.535255
2017-07-11,70.09878
2017-07-12,67.31612
2017-07-13,65.59137
2017-07-14,63.386635
2017-07-15,63.426163
2017-07-16,64.85539
2017-07-17,81.372505
2017-07-18,62.519222
2017-07-19,65.44286
2017-07-20,70.04283
2017-07-21,61.931774
2017-07-22,56.29449
2017-07-23,56.440014
2017-07-24,68.49865
2017-07-25,64.44833
2017-07-26,57.965073
2017-07-27,63.124657
2017-07-28,67.886
2017-07-29,62.36872
2017-07-30,86.56348
2017-07-31,93.69848
2017-08-01,66.29731
2017-08-02,62.909126
2017-08-03,70.05315
2017-08-04,100.0
2017-08-05,85.40527
2017-08-06,76.28117
2017-08-07,71.201035
2017-08-08,67.188385
2017-08-09,70.11255
2017-08-10,66.53715
2017-08-11,64.04492
2017-08-12,66.0156
2017-08-13,76.99499
2017-08-14,60.665062
2017-08-15,53.97978
2017-08-16,62.473267
2017-08-17,66.77843
2017-08-18,70.27028
2017-08-19,76.18286
2017-08-20,67.60331
2017-08-21,88.69111
2017-08-22,81.88494
2017-08-23,62.298862
2017-08-24,58.354458
2017-08-25,82.69789
2017-08-26,92.29448
2017-08-27,70.647
2017-08-28,74.92683
2017-08-29,65.18893
2017-08-30,69.360985
2017-08-31,95.425476
2017-09-01,92.4203
2017-09-02,64.739296
2017-09-03,72.679054
2017-09-04,81.876625
2017-09-05,91.77667
2017-09-06,77.66042
2017-09-07,87.50639
2017-09-08,57.18019
2017-09-09,100.0
2017-09-10,100.0
2017-09-11,74.127396
2017-09-12,80.30072
2017-09-13,81.2774
2017-09-14,95.207825
2017-09-15,84.84251
2017-09-16,92.021416
2017-09-17,72.964226
2017-09-18,69.232605
2017-09-19,76.261894
2017-09-20,97.846436
2017-09-21,80.800385
2017-09-22,67.1191
2017-09-23,97.194824
2017-09-24,94.813065
2017-09-25,74.66499
2017-09-26,74.24709
2017-09-27,67.74982
2017-09-28,65.13538
2017-09-29,67.61037
2017-09-30,68.77289
2017-10-01,66.21549
2017-10-02,66.193016
2017-10-03,93.232025
2017-10-04,84.5963
2017-10-05,80.18169
2017-10-06,59.563995
2017-10-07,57.94916
2017-10-08,84.08846
2017-10-09,68.4447
2017-10-10,68.38731
2017-10-11,87.79402
2017-10-12,90.05431
2017-10-13,72.974754
2017-10-14,73.2655
2017-10-15,82.04229
2017-10-16,79.52206
2017-10-17,69.92916
2017-10-18,71.59471
2017-10-19,60.195328
2017-10-20,65.40577
2017-10-21,68.52454
2017-10-22,67.88912
2017-10-23,97.05794
2017-10-24,57.65103
2017-10-25,98.966934
2017-10-26,88.195915
2017-10-27,83.853806
2017-10-28,81.89134
2017-10-29,63.04739
2017-10-30,66.054665
2017-10-31,
2017-11-01,64.99263
2017-11-02,87.12426
2017-11-03,75.23061
2017-11-04,72.833015
2017-11-05,73.44504
2017-11-06,81.80354
2017-11-07,
2017-11-08,
2017-11-09,65.51077
2017-11-10,80.65229
2017-11-11,86.21111
2017-11-12,67.44141
2017-11-13,
2017-11-14,
2017-11-15,82.43315
2017-11-16,
2017-11-17,94.99941
2017-11-18,76.465454
2017-11-19,71.67587
2017-11-20,
2017-11-21,
2017-11-22,
2017-11-23,98.04479
2017-11-24,95.10444
2017-11-25,87.46665
2017-11-26,77.18493
2017-11-27,97.36651
2017-11-28,95.49182
2017-11-29,92.838875
2017-11-30,81.487465
2017-12-01,82.83691
2017-12-02,
2017-12-03,85.63492
2017-12-04,72.94515
2017-12-05,
2017-12-06,88.32731
2017-12-07,100.0
2017-12-08,99.42386
2017-12-09,80.72369
2017-12-10,64.10265
2017-12-11,
2017-12-12,68.37804
2017-12-13,57.14656
2017-12-14,79.18283
2017-12-15,68.68102
2017-12-16,72.94268
2017-12-17,61.157978
2017-12-18,61.86604
2017-12-19,72.86624
2017-12-20,
2017-12-21,
2017-12-22,
2017-12-23,
2017-12-24,
2017-12-25,
2017-12-26,
2017-12-27,
2017-12-28,
2017-12-29,
2017-12-30,
2017-12-31,
2018-01-01,
2018-01-02,
2018-01-03,
2018-01-04,
2018-01-05,
2018-01-06,95.20819
2018-01-07,
2018-01-08,
2018-01-09,
2018-01-10,
2018-01-11,
2018-01-12,
2018-01-13,
2018-01-14,
2018-01-15,
2018-01-16,
2018-01-17,
2018-01-18,
2018-01-19,
2018-01-20,
2018-01-21,
2018-01-22,
2018-01-23,
2018-01-24,
2018-01-25,
2018-01-26,83.42694
2018-01-27,
2018-01-28,
2018-01-29,
2018-01-30,
2018-01-31,
2018-02-01,
2018-02-02,
2018-02-03,
2018-02-04,
2018-02-05,
2018-02-06,
2018-02-07,
2018-02-08,
2018-02-09,
2018-02-10,
2018-02-11,
2018-02-12,
2018-02-13,
2018-02-14,
2018-02-15,
2018-02-16,
2018-02-17,
2018-02-18,
2018-02-19,
2018-02-20,
2018-02-21,
2018-02-22,
2018-02-23,
2018-02-24,
2018-02-25,
2018-02-26,
2018-02-27,
2018-02-28,
2018-03-01,
2018-03-02,
2018-03-03,
2018-03-04,
2018-03-05,
2018-03-06,
2018-03-07,51.4351
2018-03-08,45.951675
2018-03-09,
2018-03-10,54.06661
2018-03-11,
2018-03-12,
2018-03-13,64.2845
2018-03-14,
2018-03-15,
2018-03-16,
2018-03-17,
2018-03-18,
2018-03-19,
2018-03-20,
2018-03-21,
2018-03-22,
2018-03-23,
2018-03-24,
2018-03-25,
2018-03-26,
2018-03-27,
2018-03-28,
2018-03-29,
2018-03-30,
2018-03-31,
2018-04-01,
2018-04-02,
2018-04-03,56.941383
2018-04-04,
2018-04-05,66.49662
2018-04-06,86.020874
2018-04-07,
2018-04-08,69.853775
2018-04-09,72.68322
2018-04-10,80.91148
2018-04-11,68.423256
2018-04-12,67.713295
2018-04-13,72.70313
2018-04-14,70.05716
2018-04-15,71.15484
2018-04-16,68.2069
2018-04-17,67.80568
2018-04-18,64.63924
2018-04-19,71.14137
2018-04-20,73.59885
2018-04-21,84.692345
2018-04-22,68.9273
2018-04-23,67.71234
2018-04-24,71.47929
2018-04-25,81.14107
2018-04-26,66.94577
2018-04-27,67.97883
2018-04-28,62.76325
2018-04-29,80.88282
2018-04-30,69.332245
2018-05-01,79.80947
2018-05-02,87.45499
2018-05-03,62.48728
2018-05-04,66.98216
2018-05-05,67.85465
2018-05-06,70.37488
2018-05-07,70.021
2018-05-08,69.50991
2018-05-09,68.69459
2018-05-10,76.832344
2018-05-11,77.63175
2018-05-12,79.761314
2018-05-13,71.424385
2018-05-14,68.77444
2018-05-15,65.07272
2018-05-16,75.05616
2018-05-17,80.28492
2018-05-18,74.13539
2018-05-19,74.27363
2018-05-20,70.91893
2018-05-21,69.72199
2018-05-22,72.37807
2018-05-23,73.86298
2018-05-24,73.81072
2018-05-25,79.10195
2018-05-26,73.13751
2018-05-27,70.52075
2018-05-28,77.18248
2018-05-29,77.50739
2018-05-30,81.73112
2018-05-31,81.012856
2018-06-01,69.42281
2018-06-02,76.69954
2018-06-03,82.67892
2018-06-04,83.69478
2018-06-05,73.48898
2018-06-06,60.054077
2018-06-07,62.315556
2018-06-08,77.231316
2018-06-09,79.88485
2018-06-10,73.90839
2018-06-11,77.08652
2018-06-12,85.67559
2018-06-13,66.38857
2018-06-14,80.26232
2018-06-15,69.92061
2018-06-16,62.45727
2018-06-17,97.70113
2018-06-18,72.27554
2018-06-19,70.516304
2018-06-20,64.88392
2018-06-21,96.95697
2018-06-22,78.46641
2018-06-23,66.83525
2018-06-24,64.06777
2018-06-25,61.759216
2018-06-26,68.889366
2018-06-27,72.523705
2018-06-28,76.52937
2018-06-29,72.73845
2018-06-30,61.30253
2018-07-01,60.26867
2018-07-02,62.872345
2018-07-03,68.01402
2018-07-04,69.005775
2018-07-05,72.36233
2018-07-06,63.34138
2018-07-07,71.060905
2018-07-08,71.126595
2018-07-09,68.283394
2018-07-10,75.89488
2018-07-11,58.749557
2018-07-12,65.97385
2018-07-13,72.68702
2018-07-14,70.34164
2018-07-15,62.949764
2018-07-16,65.19515
2018-07-17,72.493065
2018-07-18,76.348
2018-07-19,91.50966
2018-07-20,76.22078
2018-07-21,72.18213
2018-07-22,69.14982
2018-07-23,61.43151
2018-07-24,61.596073
2018-07-25,69.861374
2018-07-26,73.047646
2018-07-27,77.67842
2018-07-28,66.471016
2018-07-29,84.312164
2018-07-30,67.00373
2018-07-31,69.45455
2018-08-01,76.772766
2018-08-02,66.67017
2018-08-03,69.978455
2018-08-04,60.940956
2018-08-05,66.41033
2018-08-06,61.336006
2018-08-07,57.56315
2018-08-08,71.87214
2018-08-09,97.01309
2018-08-10,70.44888
2018-08-11,70.73103
2018-08-12,99.370094
2018-08-13,66.33657
2018-08-14,87.25069
2018-08-15,82.96804
2018-08-16,68.80846
2018-08-17,73.209366
2018-08-18,83.25099
2018-08-19,70.45726
2018-08-20,100.0
2018-08-21,69.293686
2018-08-22,62.257046
2018-08-23,69.12919
2018-08-24,72.75482
2018-08-25,72.15004
2018-08-26,84.4707
2018-08-27,60.43296
2018-08-28,95.747734
2018-08-29,78.72795
2018-08-30,73.6552
2018-08-31,98.99705
2018-09-01,99.93245
2018-09-02,72.46639
2018-09-03,74.91849
2018-09-04,67.809364
2018-09-05,62.904476
2018-09-06,71.33809
2018-09-07,64.88935
2018-09-08,91.246086
2018-09-09,74.06476
2018-09-10,66.18991
2018-09-11,65.950325
2018-09-12,87.3496
2018-09-13,71.31777
2018-09-14,64.90096
2018-09-15,74.79584
2018-09-16,59.043205
2018-09-17,71.468704
2018-09-18,69.87754
2018-09-19,66.51442
2018-09-20,69.87409
2018-09-21,99.810936
2018-09-22,80.72907
2018-09-23,83.91396
2018-09-24,59.53916
2018-09-25,
2018-09-26,54.596207
2018-09-27,69.457756
2018-09-28,81.895164
2018-09-29,46.573666
2018-09-30,60.882366
2018-10-01,63.1771
2018-10-02,67.296715
2018-10-03,86.48696
2018-10-04,48.33418
2018-10-05,81.72094
2018-10-06,91.727455
2018-10-07,64.88208
2018-10-08,59.068363
2018-10-09,68.16275
2018-10-10,74.276115
2018-10-11,67.15887
2018-10-12,66.409676
2018-10-13,67.71477
2018-10-14,67.827866
2018-10-15,62.61384
2018-10-16,60.43936
2018-10-17,70.53426
2018-10-18,65.7435
2018-10-19,48.106213
2018-10-20,52.17784
2018-10-21,49.93389
2018-10-22,81.32856
2018-10-23,62.961487
2018-10-24,84.10152
2018-10-25,
2018-10-26,60.772404
2018-10-27,89.366615
2018-10-28,
2018-10-29,
2018-10-30,62.557663
2018-10-31,85.77152
2018-11-01,78.34809
2018-11-02,72.21766
2018-11-03,73.47394
2018-11-04,
2018-11-05,68.79713
2018-11-06,80.822105
2018-11-07,66.62812
2018-11-08,70.73743
2018-11-09,84.58248
2018-11-10,92.05605
2018-11-11,88.30132
2018-11-12,89.86384
2018-11-13,100.0
2018-11-14,97.35183
2018-11-15,89.58839
2018-11-16,86.05405
2018-11-17,62.213646
2018-11-18,71.28957
2018-11-19,72.759415
2018-11-20,66.280945
2018-11-21,64.56523
2018-11-22,64.77841
2018-11-23,
2018-11-24,64.50958
2018-11-25,
2018-11-26,
2018-11-27,
2018-11-28,
2018-11-29,
2018-11-30,79.71331
2018-12-01,75.98448
2018-12-02,90.95428
2018-12-03,94.53731
2018-12-04,100.0
2018-12-05,62.35147
2018-12-06,
2018-12-07,86.534966
2018-12-08,86.88162
2018-12-09,100.0
2018-12-10,79.4568
2018-12-11,65.53649
2018-12-12,73.074196
2018-12-13,
2018-12-14,
2018-12-15,
2018-12-16,
2018-12-17,
2018-12-18,
2018-12-19,
2018-12-20,
2018-12-21,
2018-12-22,
2018-12-23,
2018-12-24,
2018-12-25,
2018-12-26,
2018-12-27,
2018-12-28,87.13875
2018-12-29,
2018-12-30,
2018-12-31,
